{
  "results": [
    {
      "command": "bin/ackermann-c",
      "mean": 0.09984357935,
      "stddev": 0.0004286801349717492,
      "median": 0.0999415005,
      "user": 0.09843045,
      "system": 0.00089155,
      "min": 0.09900112500000001,
      "max": 0.10042125,
      "times": [
        0.099716208,
        0.09900112500000001,
        0.100278583,
        0.09913175,
        0.099329292,
        0.09991754200000001,
        0.099583667,
        0.09945416700000001,
        0.09948554200000001,
        0.100103959,
        0.099499792,
        0.099979334,
        0.10026037500000001,
        0.100098,
        0.100208958,
        0.099965459,
        0.09973754200000001,
        0.10042125,
        0.100395417,
        0.10030362500000001
      ],
      "memory_usage_byte": [
        1638400,
        1638400,
        1638400,
        1638400,
        1638400,
        1638400,
        1638400,
        1638400,
        1638400,
        1638400,
        1638400,
        1638400,
        1638400,
        1638400,
        1638400,
        1638400,
        1638400,
        1638400,
        1638400,
        1638400
      ],
      "exit_codes": [
        0,
        0,
        0,
        0,
        0,
        0,
        0,
        0,
        0,
        0,
        0,
        0,
        0,
        0,
        0,
        0,
        0,
        0,
        0,
        0
      ]
    },
    {
      "command": "bin/ackermann-c-chacho",
      "mean": 0.09968956879999999,
      "stddev": 0.0010596921291521483,
      "median": 0.09963891650000001,
      "user": 0.09836260000000001,
      "system": 0.00081665,
      "min": 0.098439041,
      "max": 0.10246020900000001,
      "times": [
        0.10246020900000001,
        0.09972641700000001,
        0.100458667,
        0.10031108300000001,
        0.099958375,
        0.099660125,
        0.09961770800000001,
        0.0995115,
        0.100858208,
        0.100040875,
        0.10142150000000001,
        0.09917320800000001,
        0.09915541700000001,
        0.098515083,
        0.098444917,
        0.098584167,
        0.099081625,
        0.098501084,
        0.098439041,
        0.09987216700000001
      ],
      "memory_usage_byte": [
        1638400,
        1638400,
        1638400,
        1638400,
        1638400,
        1638400,
        1638400,
        1638400,
        1638400,
        1638400,
        1638400,
        1638400,
        1638400,
        1638400,
        1638400,
        1638400,
        1638400,
        1638400,
        1638400,
        1638400
      ],
      "exit_codes": [
        0,
        0,
        0,
        0,
        0,
        0,
        0,
        0,
        0,
        0,
        0,
        0,
        0,
        0,
        0,
        0,
        0,
        0,
        0,
        0
      ]
    },
    {
      "command": "bin/ackermann-mml",
      "mean": 0.11731622500000002,
      "stddev": 0.004190472607060049,
      "median": 0.1161547705,
      "user": 0.10540439999999998,
      "system": 0.010459949999999999,
      "min": 0.11449225,
      "max": 0.133120167,
      "times": [
        0.118755208,
        0.11451870900000001,
        0.116453625,
        0.11673175000000001,
        0.118651375,
        0.11585887500000001,
        0.114870208,
        0.11468966700000001,
        0.11449225,
        0.11465295900000001,
        0.117602833,
        0.11484379200000001,
        0.115846166,
        0.11496225,
        0.12194154100000001,
        0.11816562500000001,
        0.11645066600000001,
        0.11824716700000001,
        0.11546966700000001,
        0.133120167
      ],
      "memory_usage_byte": [
        4333568,
        4333568,
        4333568,
        4333568,
        4333568,
        4333568,
        4333568,
        4333568,
        4333568,
        4333568,
        4333568,
        4333568,
        4333568,
        4333568,
        4333568,
        4333568,
        4333568,
        4333568,
        4333568,
        4333568
      ],
      "exit_codes": [
        0,
        0,
        0,
        0,
        0,
        0,
        0,
        0,
        0,
        0,
        0,
        0,
        0,
        0,
        0,
        0,
        0,
        0,
        0,
        0
      ]
    },
    {
      "command": "bin/ackermann-rs",
      "mean": 0.10079338965,
      "stddev": 0.000549843151668994,
      "median": 0.100770417,
      "user": 0.09947835000000001,
      "system": 0.0007805499999999999,
      "min": 0.0998275,
      "max": 0.101862375,
      "times": [
        0.099863666,
        0.100870125,
        0.100025417,
        0.10098750000000001,
        0.10047354200000001,
        0.10071695900000001,
        0.10108491700000001,
        0.101862375,
        0.10091316600000001,
        0.0998275,
        0.10065591700000001,
        0.100681667,
        0.10033195900000001,
        0.100657041,
        0.10082387500000001,
        0.10055425000000001,
        0.10100291600000001,
        0.101338542,
        0.10165162500000001,
        0.101544834
      ],
      "memory_usage_byte": [
        4333568,
        4333568,
        4333568,
        4333568,
        4333568,
        4333568,
        4333568,
        4333568,
        4333568,
        4333568,
        4333568,
        4333568,
        4333568,
        4333568,
        4333568,
        4333568,
        4333568,
        4333568,
        4333568,
        4333568
      ],
      "exit_codes": [
        0,
        0,
        0,
        0,
        0,
        0,
        0,
        0,
        0,
        0,
        0,
        0,
        0,
        0,
        0,
        0,
        0,
        0,
        0,
        0
      ]
    },
    {
      "command": "bin/ackermann-go",
      "mean": 0.10406361035000003,
      "stddev": 0.0011244650851972272,
      "median": 0.10416264600000001,
      "user": 0.10232919999999997,
      "system": 0.0012610499999999997,
      "min": 0.102149583,
      "max": 0.10661545800000001,
      "times": [
        0.10513900000000001,
        0.10466950000000001,
        0.104725625,
        0.10310954100000001,
        0.104533291,
        0.103325541,
        0.10416375000000001,
        0.10416154200000001,
        0.102149583,
        0.10292625000000001,
        0.10354675,
        0.10661545800000001,
        0.10232370800000001,
        0.103942792,
        0.104367834,
        0.102515667,
        0.104918416,
        0.10473262500000001,
        0.105446042,
        0.10395929200000001
      ],
      "memory_usage_byte": [
        5292032,
        5292032,
        5292032,
        5292032,
        5292032,
        5292032,
        5357568,
        5357568,
        5357568,
        5357568,
        5357568,
        5357568,
        5357568,
        5357568,
        5357568,
        5357568,
        5357568,
        5357568,
        5357568,
        5357568
      ],
      "exit_codes": [
        0,
        0,
        0,
        0,
        0,
        0,
        0,
        0,
        0,
        0,
        0,
        0,
        0,
        0,
        0,
        0,
        0,
        0,
        0,
        0
      ]
    }
  ]
}
