command,mean,stddev,median,user,system,min,max
bin/ackermann-c,0.09984357935,0.0004286801349717492,0.0999415005,0.09843045,0.00089155,0.09900112500000001,0.10042125
bin/ackermann-c-chacho,0.09968956879999999,0.0010596921291521483,0.09963891650000001,0.09836260000000001,0.00081665,0.098439041,0.10246020900000001
bin/ackermann-mml,0.11731622500000002,0.004190472607060049,0.1161547705,0.10540439999999998,0.010459949999999999,0.11449225,0.133120167
bin/ackermann-rs,0.10079338965,0.000549843151668994,0.100770417,0.09947835000000001,0.0007805499999999999,0.0998275,0.101862375
bin/ackermann-go,0.10406361035000003,0.0011244650851972272,0.10416264600000001,0.10232919999999997,0.0012610499999999997,0.102149583,0.10661545800000001
