{
  "results": [
    {
      "command": "bin/euclidean-ext-c",
      "mean": 0.0020045775,
      "stddev": 0.00004280825802950183,
      "median": 0.0019959369999999997,
      "user": 0.00135602,
      "system": 0.00033161999999999997,
      "min": 0.0019256660000000001,
      "max": 0.002164417,
      "times": [
        0.002052125,
        0.0020327080000000003,
        0.002008667,
        0.002039042,
        0.002164417,
        0.002078209,
        0.002074292,
        0.002005625,
        0.002037042,
        0.002035958,
        0.002069042,
        0.001996833,
        0.002014,
        0.001981208,
        0.002007791,
        0.0019262910000000001,
        0.001985334,
        0.001995041,
        0.001987125,
        0.0019867500000000002,
        0.001984792,
        0.002012084,
        0.00198,
        0.0019985000000000003,
        0.0019686670000000003,
        0.001979125,
        0.001953792,
        0.002014583,
        0.001988959,
        0.001989167,
        0.001989541,
        0.0019949580000000002,
        0.0019736660000000002,
        0.001991375,
        0.00197475,
        0.0020005,
        0.0019256660000000001,
        0.0019733750000000003,
        0.001954584,
        0.0019642080000000003,
        0.0020674580000000003,
        0.002065833,
        0.001972292,
        0.001947291,
        0.002043917,
        0.002006917,
        0.0020235830000000002,
        0.001970167,
        0.0020150000000000003,
        0.002026625
      ],
      "memory_usage_byte": [
        1409024,
        1409024,
        1409024,
        1409024,
        1409024,
        1409024,
        1409024,
        1409024,
        1409024,
        1409024,
        1409024,
        1409024,
        1409024,
        1409024,
        1409024,
        1409024,
        1409024,
        1409024,
        1409024,
        1409024,
        1409024,
        1409024,
        1409024,
        1409024,
        1409024,
        1409024,
        1409024,
        1409024,
        1409024,
        1409024,
        1409024,
        1409024,
        1409024,
        1409024,
        1409024,
        1409024,
        1409024,
        1409024,
        1409024,
        1409024,
        1409024,
        1409024,
        1409024,
        1409024,
        1409024,
        1409024,
        1409024,
        1409024,
        1409024,
        1409024
      ],
      "exit_codes": [
        0,
        0,
        0,
        0,
        0,
        0,
        0,
        0,
        0,
        0,
        0,
        0,
        0,
        0,
        0,
        0,
        0,
        0,
        0,
        0,
        0,
        0,
        0,
        0,
        0,
        0,
        0,
        0,
        0,
        0,
        0,
        0,
        0,
        0,
        0,
        0,
        0,
        0,
        0,
        0,
        0,
        0,
        0,
        0,
        0,
        0,
        0,
        0,
        0,
        0
      ]
    },
    {
      "command": "bin/euclidean-ext-mml",
      "mean": 0.019138644919999996,
      "stddev": 0.0003233357124123114,
      "median": 0.0191576875,
      "user": 0.0150511,
      "system": 0.00270862,
      "min": 0.018371500000000002,
      "max": 0.01984375,
      "times": [
        0.019529542,
        0.019488041,
        0.019207125000000002,
        0.019412625000000003,
        0.019332291,
        0.019124333,
        0.019497042000000003,
        0.019174042000000002,
        0.018865125,
        0.018872625,
        0.019304250000000002,
        0.018651458000000003,
        0.019501125,
        0.019650167,
        0.018976792000000003,
        0.019097000000000003,
        0.018879167000000002,
        0.018843166,
        0.019149875,
        0.018548708,
        0.019537208,
        0.01984375,
        0.019236667000000002,
        0.019556792,
        0.018781208,
        0.018547459000000002,
        0.018903042000000002,
        0.019048541000000002,
        0.019101458,
        0.019351458000000002,
        0.019118125,
        0.019155708,
        0.0188335,
        0.018642125000000002,
        0.0191955,
        0.018783875000000002,
        0.019061083,
        0.019557541,
        0.019399208,
        0.018828875000000002,
        0.018371500000000002,
        0.019193,
        0.018930875,
        0.018869708000000002,
        0.019240125,
        0.019501292,
        0.019300958,
        0.019496208,
        0.019159667000000002,
        0.019281291000000002
      ],
      "memory_usage_byte": [
        4182016,
        4182016,
        4182016,
        4182016,
        4182016,
        4182016,
        4182016,
        4182016,
        4182016,
        4182016,
        4182016,
        4182016,
        4182016,
        4182016,
        4182016,
        4182016,
        4182016,
        4182016,
        4182016,
        4182016,
        4182016,
        4182016,
        4182016,
        4182016,
        4182016,
        4182016,
        4182016,
        4182016,
        4182016,
        4182016,
        4182016,
        4182016,
        4182016,
        4182016,
        4182016,
        4182016,
        4182016,
        4182016,
        4182016,
        4182016,
        4182016,
        4182016,
        4182016,
        4182016,
        4182016,
        4182016,
        4182016,
        4182016,
        4182016,
        4182016
      ],
      "exit_codes": [
        0,
        0,
        0,
        0,
        0,
        0,
        0,
        0,
        0,
        0,
        0,
        0,
        0,
        0,
        0,
        0,
        0,
        0,
        0,
        0,
        0,
        0,
        0,
        0,
        0,
        0,
        0,
        0,
        0,
        0,
        0,
        0,
        0,
        0,
        0,
        0,
        0,
        0,
        0,
        0,
        0,
        0,
        0,
        0,
        0,
        0,
        0,
        0,
        0,
        0
      ]
    }
  ]
}
