command,mean,stddev,median,user,system,min,max
bin/euclidean-ext-c,0.0020045775,0.00004280825802950183,0.0019959369999999997,0.00135602,0.00033161999999999997,0.0019256660000000001,0.002164417
bin/euclidean-ext-mml,0.019138644919999996,0.0003233357124123114,0.0191576875,0.0150511,0.00270862,0.018371500000000002,0.01984375
