command,mean,stddev,median,user,system,min,max
bin/matmul-c,0.026833069980000002,0.00016091956553730151,0.026810521,0.0258175,0.0006060000000000002,0.026511167000000002,0.027287958
bin/matmul-opt-c,0.01765992262,0.00017359351123322905,0.0176218545,0.016720539999999996,0.0005385999999999999,0.01749475,0.018505667
bin/matmul-restricted-c,0.017652549960000003,0.0001271400972512593,0.017636083500000004,0.016717119999999995,0.00053588,0.017504541000000002,0.018299542000000002
bin/matmul-mml,0.26929464998,0.001957541315932086,0.2690869375,0.262991,0.00454412,0.266239334,0.273919542
bin/matmul-opt-mml,0.11989099673999998,0.0007526526194630322,0.119720312,0.11435146,0.0038327999999999995,0.11894570900000001,0.12289791700000001
bin/matmul-go,0.047971971620000005,0.00031210653823477206,0.04793391650000001,0.04659338,0.0011591799999999999,0.047393000000000005,0.048897125
bin/matmul-bce-go,0.05361136416,0.0004244245424176878,0.053588354500000004,0.05209216,0.0012426399999999997,0.052784167,0.054744792
bin/matmul-opt-go,0.04746610832,0.00017695516738548797,0.04745020800000001,0.046144599999999994,0.0011186199999999999,0.047154875000000006,0.047907500000000006
