command,mean,stddev,median,user,system,min,max
bin/nqueens-c,0.05313361235000001,0.00022481781817993587,0.053086562500000004,0.05218969999999999,0.0005090499999999999,0.052713291,0.053634167
bin/nqueens-go,0.06832663360000003,0.00042661925095611645,0.0682640835,0.06713514999999999,0.00083535,0.067730292,0.069744042
bin/nqueens-mml,0.07547967715000001,0.000430153603388407,0.07534322900000001,0.07084675000000001,0.0030333999999999995,0.074915416,0.07658954200000001
