{
  "results": [
    {
      "command": "bin/nqueens-c",
      "mean": 0.05313361235000001,
      "stddev": 0.00022481781817993587,
      "median": 0.053086562500000004,
      "user": 0.05218969999999999,
      "system": 0.0005090499999999999,
      "min": 0.052713291,
      "max": 0.053634167,
      "times": [
        0.053340750000000006,
        0.053243916,
        0.053028583000000004,
        0.053061458000000006,
        0.052861500000000006,
        0.052950250000000004,
        0.053111667,
        0.053512416,
        0.053312625,
        0.053015583000000005,
        0.053014208,
        0.053634167,
        0.053253833,
        0.052992459000000006,
        0.053326792000000005,
        0.052992833,
        0.052713291,
        0.053195375,
        0.052909833,
        0.053200708000000006
      ],
      "memory_usage_byte": [
        1409024,
        1409024,
        1409024,
        1409024,
        1409024,
        1409024,
        1409024,
        1409024,
        1409024,
        1409024,
        1409024,
        1409024,
        1409024,
        1409024,
        1409024,
        1409024,
        1409024,
        1409024,
        1409024,
        1409024
      ],
      "exit_codes": [
        0,
        0,
        0,
        0,
        0,
        0,
        0,
        0,
        0,
        0,
        0,
        0,
        0,
        0,
        0,
        0,
        0,
        0,
        0,
        0
      ]
    },
    {
      "command": "bin/nqueens-go",
      "mean": 0.06832663360000003,
      "stddev": 0.00042661925095611645,
      "median": 0.0682640835,
      "user": 0.06713514999999999,
      "system": 0.00083535,
      "min": 0.067730292,
      "max": 0.069744042,
      "times": [
        0.068235417,
        0.069744042,
        0.06829275,
        0.067815417,
        0.068078417,
        0.06809008400000001,
        0.06802991700000001,
        0.068537542,
        0.06817129200000001,
        0.0687425,
        0.068221459,
        0.06811708400000001,
        0.06852137500000001,
        0.068549417,
        0.068578,
        0.068488542,
        0.067730292,
        0.06831495900000001,
        0.06794800000000001,
        0.06832616600000001
      ],
      "memory_usage_byte": [
        4358144,
        4358144,
        4358144,
        4358144,
        4358144,
        4358144,
        4358144,
        4358144,
        4358144,
        4358144,
        4374528,
        4374528,
        4374528,
        4374528,
        4374528,
        4374528,
        4390912,
        4390912,
        4423680,
        4440064
      ],
      "exit_codes": [
        0,
        0,
        0,
        0,
        0,
        0,
        0,
        0,
        0,
        0,
        0,
        0,
        0,
        0,
        0,
        0,
        0,
        0,
        0,
        0
      ]
    },
    {
      "command": "bin/nqueens-mml",
      "mean": 0.07547967715000001,
      "stddev": 0.000430153603388407,
      "median": 0.07534322900000001,
      "user": 0.07084675000000001,
      "system": 0.0030333999999999995,
      "min": 0.074915416,
      "max": 0.07658954200000001,
      "times": [
        0.075310375,
        0.07561208300000001,
        0.075517584,
        0.075358375,
        0.076433334,
        0.07593129200000001,
        0.07658954200000001,
        0.07555320800000001,
        0.0752035,
        0.075328083,
        0.075168459,
        0.075304917,
        0.075515042,
        0.07562529200000001,
        0.075193916,
        0.074915416,
        0.07566937500000001,
        0.075171292,
        0.07521525000000001,
        0.074977208
      ],
      "memory_usage_byte": [
        4440064,
        4440064,
        4440064,
        4440064,
        4440064,
        4440064,
        4440064,
        4440064,
        4440064,
        4440064,
        4440064,
        4440064,
        4440064,
        4440064,
        4440064,
        4440064,
        4440064,
        4440064,
        4440064,
        4440064
      ],
      "exit_codes": [
        0,
        0,
        0,
        0,
        0,
        0,
        0,
        0,
        0,
        0,
        0,
        0,
        0,
        0,
        0,
        0,
        0,
        0,
        0,
        0
      ]
    }
  ]
}
