command,mean,stddev,median,user,system,min,max
bin/quicksort-c,0.04214814504,0.0008977762412770508,0.041984333500000005,0.04096146,0.0006892199999999999,0.041544500000000005,0.047396084000000005
bin/quicksort-mml,0.059065472460000025,0.0003510655194173355,0.05902658400000001,0.05431892000000001,0.00331568,0.058264500000000004,0.060754208000000004
