{
  "results": [
    {
      "command": "bin/quicksort-c",
      "mean": 0.04214814504,
      "stddev": 0.0008977762412770508,
      "median": 0.041984333500000005,
      "user": 0.04096146,
      "system": 0.0006892199999999999,
      "min": 0.041544500000000005,
      "max": 0.047396084000000005,
      "times": [
        0.042061166000000004,
        0.042028708000000005,
        0.042055042,
        0.042016250000000005,
        0.041872125,
        0.041701833,
        0.041744750000000004,
        0.0421115,
        0.041979917000000005,
        0.041572417,
        0.041900916,
        0.041856666,
        0.041719708,
        0.047396084000000005,
        0.043542042,
        0.042336875,
        0.042518292,
        0.042200667000000004,
        0.042024334,
        0.042095417,
        0.042112958000000006,
        0.041869708000000005,
        0.041709041,
        0.042198375,
        0.041988750000000005,
        0.042204125,
        0.041803667,
        0.042085333,
        0.041966125,
        0.042114417,
        0.042256625000000006,
        0.044628792,
        0.042067333000000005,
        0.04217725,
        0.041708,
        0.042114375,
        0.041901625000000005,
        0.042203625,
        0.041828209000000005,
        0.041544500000000005,
        0.041706167,
        0.041635500000000006,
        0.041546125,
        0.041891875,
        0.041868542,
        0.041950209,
        0.041789792,
        0.041964583,
        0.041844042000000005,
        0.041992875000000006
      ],
      "memory_usage_byte": [
        9437184,
        9437184,
        9437184,
        9437184,
        9437184,
        9437184,
        9437184,
        9437184,
        9437184,
        9437184,
        9437184,
        9437184,
        9437184,
        9437184,
        9437184,
        9437184,
        9437184,
        9437184,
        9437184,
        9437184,
        9437184,
        9437184,
        9437184,
        9437184,
        9437184,
        9437184,
        9437184,
        9437184,
        9437184,
        9437184,
        9437184,
        9437184,
        9437184,
        9437184,
        9437184,
        9437184,
        9437184,
        9437184,
        9437184,
        9437184,
        9437184,
        9437184,
        9437184,
        9437184,
        9437184,
        9437184,
        9437184,
        9437184,
        9437184,
        9437184
      ],
      "exit_codes": [
        0,
        0,
        0,
        0,
        0,
        0,
        0,
        0,
        0,
        0,
        0,
        0,
        0,
        0,
        0,
        0,
        0,
        0,
        0,
        0,
        0,
        0,
        0,
        0,
        0,
        0,
        0,
        0,
        0,
        0,
        0,
        0,
        0,
        0,
        0,
        0,
        0,
        0,
        0,
        0,
        0,
        0,
        0,
        0,
        0,
        0,
        0,
        0,
        0,
        0
      ]
    },
    {
      "command": "bin/quicksort-mml",
      "mean": 0.059065472460000025,
      "stddev": 0.0003510655194173355,
      "median": 0.05902658400000001,
      "user": 0.05431892000000001,
      "system": 0.00331568,
      "min": 0.058264500000000004,
      "max": 0.060754208000000004,
      "times": [
        0.05849416700000001,
        0.059081417000000004,
        0.058941375000000004,
        0.058982833000000005,
        0.058937250000000004,
        0.059402250000000004,
        0.059258250000000005,
        0.059213042,
        0.058970292,
        0.059081041,
        0.059219583000000006,
        0.059021834,
        0.059378167,
        0.05918870800000001,
        0.059147250000000005,
        0.059300541000000005,
        0.05898070800000001,
        0.059077625,
        0.059114375000000004,
        0.059055375,
        0.058933542000000005,
        0.058939541000000005,
        0.05910208300000001,
        0.059031334000000005,
        0.059069625,
        0.059154333,
        0.058926458,
        0.058967583000000004,
        0.059048,
        0.058936208000000004,
        0.05876875,
        0.059244583,
        0.05909429200000001,
        0.058993500000000004,
        0.05899962500000001,
        0.058986167000000006,
        0.058832542,
        0.058702834,
        0.058869833,
        0.05874600000000001,
        0.058686958000000004,
        0.058947417,
        0.058737208000000006,
        0.058264500000000004,
        0.05891170800000001,
        0.059072709,
        0.060754208000000004,
        0.059922291,
        0.059387708000000004,
        0.059396000000000004
      ],
      "memory_usage_byte": [
        12193792,
        12193792,
        12193792,
        12193792,
        12193792,
        12193792,
        12193792,
        12193792,
        12193792,
        12193792,
        12193792,
        12193792,
        12193792,
        12193792,
        12193792,
        12193792,
        12193792,
        12193792,
        12193792,
        12193792,
        12193792,
        12193792,
        12193792,
        12193792,
        12193792,
        12193792,
        12193792,
        12193792,
        12193792,
        12193792,
        12193792,
        12193792,
        12193792,
        12193792,
        12193792,
        12193792,
        12193792,
        12193792,
        12193792,
        12193792,
        12193792,
        12193792,
        12193792,
        12193792,
        12193792,
        12193792,
        12193792,
        12193792,
        12193792,
        12193792
      ],
      "exit_codes": [
        0,
        0,
        0,
        0,
        0,
        0,
        0,
        0,
        0,
        0,
        0,
        0,
        0,
        0,
        0,
        0,
        0,
        0,
        0,
        0,
        0,
        0,
        0,
        0,
        0,
        0,
        0,
        0,
        0,
        0,
        0,
        0,
        0,
        0,
        0,
        0,
        0,
        0,
        0,
        0,
        0,
        0,
        0,
        0,
        0,
        0,
        0,
        0,
        0,
        0
      ]
    }
  ]
}
