command,mean,stddev,median,user,system,min,max
bin/matmul-mml-O0-tco,0.07045095164,0.0032188819706558715,0.070784229,0.06548588000000004,0.0034477199999999987,0.066536625,0.078356041
bin/matmul-mml-O0-no-tco,0.6628265174600001,0.003176392848804534,0.6620085835,0.65369714,0.006969199999999997,0.659080208,0.6758718330000001
bin/matmul-mml-O1-tco,0.06607344332000002,0.006278693694562254,0.0658456245,0.06111877999999999,0.00343714,0.056950875000000005,0.078512334
bin/matmul-mml-O1-no-tco,0.07272358749999999,0.0024522372494721434,0.0724660205,0.06775822,0.0034844599999999987,0.068182666,0.079204167
bin/matmul-mml-O2-tco,0.28165480428000006,0.0012044874388520018,0.28152135450000004,0.27461798000000004,0.00518636,0.27987116700000003,0.28581733400000003
bin/matmul-mml-O2-no-tco,0.27907847926,0.0011535441586534158,0.2788740625,0.2731766399999999,0.00412554,0.276507333,0.282101208
bin/matmul-mml-O3-tco,0.27916900922,0.0011178870866055857,0.27898537450000005,0.27313681999999995,0.00420702,0.27603937500000003,0.281753917
bin/matmul-mml-O3-no-tco,0.2809659208600001,0.001962621351185246,0.28072239600000004,0.27437748,0.004698879999999999,0.2779315,0.285991875
