command,mean,stddev,median,user,system,min,max
bin/sieve-mml-O0-tco,0.02080877084,0.00028376361685894806,0.0208274585,0.016056539999999998,0.0034087399999999995,0.019985958,0.021314625
bin/sieve-mml-O0-no-tco,0.02684390996000001,0.000566618399526667,0.026739479500000003,0.019447520000000003,0.005727420000000002,0.025746792,0.028546334000000003
bin/sieve-mml-O1-tco,0.020367685840000004,0.0003961159682479806,0.020406188000000002,0.015833679999999996,0.0031360999999999993,0.019427167000000002,0.021036541000000002
bin/sieve-mml-O1-no-tco,0.0203474658,0.0005417690550166113,0.0201965005,0.015840759999999995,0.0031447000000000003,0.019460458,0.021871583
bin/sieve-mml-O2-tco,0.020220323359999997,0.00034972103038510973,0.0202455625,0.015724000000000002,0.003059219999999999,0.019325167,0.020849292000000002
bin/sieve-mml-O2-no-tco,0.020126741660000006,0.000491922750542948,0.0200513545,0.01567184,0.00305172,0.019149916,0.021825292000000003
bin/sieve-mml-O3-tco,0.020192300800000004,0.0003363308970162497,0.020187271,0.015698100000000006,0.0030569799999999995,0.019397542,0.020933167000000003
bin/sieve-mml-O3-no-tco,0.02055915572,0.0004151468281075954,0.020553416,0.01593686,0.0032243799999999993,0.019765083000000003,0.021619000000000003
