command,mean,stddev,median,user,system,min,max
bin/matmul-opt-mml-O0-tco,0.05773541503999999,0.0006292968003633822,0.057546458,0.05292477999999999,0.00338788,0.057052541000000005,0.05979841600000001
bin/matmul-opt-mml-O0-no-tco,0.6785855774400001,0.0055100987785997495,0.6767993335,0.6706115799999999,0.005961420000000002,0.6710700420000001,0.692496333
bin/matmul-opt-mml-O1-tco,0.046127952499999986,0.0009803996937275902,0.045868333500000004,0.04125922,0.0033597799999999993,0.045231792,0.051293625
bin/matmul-opt-mml-O1-no-tco,0.05526541002000001,0.00034755409812248553,0.05520541650000001,0.050602779999999986,0.0032736200000000005,0.054781333,0.057096167
bin/matmul-opt-mml-O2-tco,0.11992013834,0.0004951673454339105,0.11974095850000001,0.1148589,0.00354728,0.119298042,0.1216045
bin/matmul-opt-mml-O2-no-tco,0.11991652659999998,0.00039921649214797936,0.11979966650000001,0.11486224,0.00353996,0.11939100000000001,0.12127491700000001
bin/matmul-opt-mml-O3-tco,0.1201366575,0.0006334979235753936,0.11992893800000001,0.11501064000000003,0.0035681400000000013,0.119304292,0.122713792
bin/matmul-opt-mml-O3-no-tco,0.12008864094000003,0.00049458940413518,0.11996489600000002,0.11496176000000002,0.0035845400000000006,0.119478334,0.12199604200000001
