command,mean,stddev,median,user,system,min,max
bin/sieve-c,0.0016355841400000001,0.000054381585276864605,0.0016272500000000002,0.0009011400000000001,0.0004155600000000001,0.0015243330000000001,0.0017719580000000001
bin/sieve-mml,0.01918082998,0.00032275280501681795,0.019177375,0.014948459999999995,0.00291516,0.0185095,0.019844125
bin/sieve-rs,0.0018534699000000003,0.00010814115016547697,0.001820271,0.0010654200000000003,0.00043872000000000003,0.0016904160000000001,0.002140791
bin/sieve-go,0.0025253016599999993,0.00007102081390421217,0.0025063125,0.0015545600000000004,0.00077986,0.002412041,0.002728125
