{
  "results": [
    {
      "command": "bin/sieve-c",
      "mean": 0.0016355841400000001,
      "stddev": 0.000054381585276864605,
      "median": 0.0016272500000000002,
      "user": 0.0009011400000000001,
      "system": 0.0004155600000000001,
      "min": 0.0015243330000000001,
      "max": 0.0017719580000000001,
      "times": [
        0.001652625,
        0.001664541,
        0.0017200420000000002,
        0.00162275,
        0.001605625,
        0.001594041,
        0.00162625,
        0.0016100420000000001,
        0.00163375,
        0.001587625,
        0.0015851670000000002,
        0.001674083,
        0.001651333,
        0.0016282500000000001,
        0.0015884170000000002,
        0.001586209,
        0.001633083,
        0.0016013330000000001,
        0.00168,
        0.0017719580000000001,
        0.0015810000000000002,
        0.001766208,
        0.001629,
        0.0017182500000000002,
        0.001681958,
        0.0017204170000000001,
        0.0016542500000000001,
        0.0016872080000000002,
        0.00168125,
        0.001691709,
        0.0016131670000000002,
        0.0016305,
        0.0016247500000000001,
        0.001583166,
        0.0016290410000000001,
        0.0016110830000000001,
        0.001749375,
        0.0015939160000000001,
        0.001588334,
        0.0015243330000000001,
        0.0015509170000000002,
        0.001696,
        0.0016300420000000002,
        0.001563375,
        0.0016387910000000001,
        0.001577084,
        0.0016177090000000002,
        0.001611292,
        0.001623333,
        0.0015946250000000001
      ],
      "memory_usage_byte": [
        5472256,
        5472256,
        5472256,
        5472256,
        5472256,
        5472256,
        5472256,
        5472256,
        5472256,
        5472256,
        5472256,
        5472256,
        5472256,
        5472256,
        5472256,
        5472256,
        5472256,
        5472256,
        5472256,
        5472256,
        5472256,
        5472256,
        5472256,
        5472256,
        5472256,
        5472256,
        5472256,
        5472256,
        5472256,
        5472256,
        5472256,
        5472256,
        5472256,
        5472256,
        5472256,
        5472256,
        5472256,
        5472256,
        5472256,
        5472256,
        5472256,
        5472256,
        5472256,
        5472256,
        5472256,
        5472256,
        5472256,
        5472256,
        5472256,
        5472256
      ],
      "exit_codes": [
        0,
        0,
        0,
        0,
        0,
        0,
        0,
        0,
        0,
        0,
        0,
        0,
        0,
        0,
        0,
        0,
        0,
        0,
        0,
        0,
        0,
        0,
        0,
        0,
        0,
        0,
        0,
        0,
        0,
        0,
        0,
        0,
        0,
        0,
        0,
        0,
        0,
        0,
        0,
        0,
        0,
        0,
        0,
        0,
        0,
        0,
        0,
        0,
        0,
        0
      ]
    },
    {
      "command": "bin/sieve-mml",
      "mean": 0.01918082998,
      "stddev": 0.00032275280501681795,
      "median": 0.019177375,
      "user": 0.014948459999999995,
      "system": 0.00291516,
      "min": 0.0185095,
      "max": 0.019844125,
      "times": [
        0.019187875,
        0.019331583000000003,
        0.019299875,
        0.019525583000000003,
        0.019039584000000002,
        0.019544250000000003,
        0.019655708,
        0.019045792000000002,
        0.019110625000000003,
        0.019382125,
        0.018941667000000002,
        0.0189485,
        0.019582667,
        0.019674083000000002,
        0.019123042,
        0.019552583000000002,
        0.019615583000000002,
        0.019204334,
        0.019588625000000002,
        0.019844125,
        0.018886417000000003,
        0.018899458,
        0.019166875,
        0.01856975,
        0.019013750000000003,
        0.019274708,
        0.018525458,
        0.01896025,
        0.018820292000000002,
        0.019009334000000003,
        0.019286625,
        0.018626125,
        0.018969166000000003,
        0.019087,
        0.0188075,
        0.019136708000000002,
        0.019260708,
        0.019381250000000003,
        0.019044417,
        0.0185095,
        0.019196,
        0.018765292000000003,
        0.019062625,
        0.019483416,
        0.01971225,
        0.01924125,
        0.019565916000000003,
        0.019370167,
        0.0189465,
        0.019264583000000002
      ],
      "memory_usage_byte": [
        8175616,
        8175616,
        8175616,
        8175616,
        8175616,
        8175616,
        8175616,
        8175616,
        8175616,
        8175616,
        8175616,
        8175616,
        8175616,
        8175616,
        8175616,
        8175616,
        8175616,
        8175616,
        8175616,
        8175616,
        8175616,
        8175616,
        8175616,
        8175616,
        8175616,
        8175616,
        8175616,
        8175616,
        8175616,
        8175616,
        8175616,
        8175616,
        8175616,
        8175616,
        8175616,
        8175616,
        8175616,
        8175616,
        8175616,
        8175616,
        8175616,
        8175616,
        8175616,
        8175616,
        8175616,
        8175616,
        8175616,
        8175616,
        8175616,
        8175616
      ],
      "exit_codes": [
        0,
        0,
        0,
        0,
        0,
        0,
        0,
        0,
        0,
        0,
        0,
        0,
        0,
        0,
        0,
        0,
        0,
        0,
        0,
        0,
        0,
        0,
        0,
        0,
        0,
        0,
        0,
        0,
        0,
        0,
        0,
        0,
        0,
        0,
        0,
        0,
        0,
        0,
        0,
        0,
        0,
        0,
        0,
        0,
        0,
        0,
        0,
        0,
        0,
        0
      ]
    },
    {
      "command": "bin/sieve-rs",
      "mean": 0.0018534699000000003,
      "stddev": 0.00010814115016547697,
      "median": 0.001820271,
      "user": 0.0010654200000000003,
      "system": 0.00043872000000000003,
      "min": 0.0016904160000000001,
      "max": 0.002140791,
      "times": [
        0.0017250000000000002,
        0.0017644580000000002,
        0.0017867920000000002,
        0.0019325000000000002,
        0.00185775,
        0.0018232090000000001,
        0.001836125,
        0.0018546670000000002,
        0.0018115420000000002,
        0.001780667,
        0.001766666,
        0.001811375,
        0.0018173330000000002,
        0.0017775830000000001,
        0.0017603330000000002,
        0.0017894590000000002,
        0.0017715,
        0.001753458,
        0.0017585,
        0.001691166,
        0.001747541,
        0.0017518330000000002,
        0.001755292,
        0.001692666,
        0.0016904160000000001,
        0.001765833,
        0.001775209,
        0.00177275,
        0.0017655420000000002,
        0.001933667,
        0.001989416,
        0.001942083,
        0.001898083,
        0.001959666,
        0.001957208,
        0.0018788330000000001,
        0.001941042,
        0.001924417,
        0.002140791,
        0.002052625,
        0.0018915420000000002,
        0.0020255,
        0.001988,
        0.002046875,
        0.0019363330000000002,
        0.0018825,
        0.001932916,
        0.002014917,
        0.001966583,
        0.001783333
      ],