{
  "results": [
    {
      "command": "bin/euclidean-ext-c",
      "mean": 0.007115121159999999,
      "stddev": 0.00018535004086018398,
      "median": 0.007119161000000001,
      "user": 0.004574539999999999,
      "system": 0.00132916,
      "min": 0.006738494,
      "max": 0.007595152000000001,
      "times": [
        0.007148107000000001,
        0.007098462000000001,
        0.007119981,
        0.006898766000000001,
        0.006805449000000001,
        0.007219167,
        0.0072193430000000005,
        0.006766981,
        0.006738494,
        0.006937724,
        0.0072407240000000005,
        0.007451701000000001,
        0.007080703000000001,
        0.007231731000000001,
        0.007595152000000001,
        0.007118341,
        0.007034992,
        0.007185062000000001,
        0.006810855,
        0.0068716310000000004,
        0.007231724,
        0.007230347000000001,
        0.006969548000000001,
        0.006969847,
        0.00719894,
        0.006975832,
        0.007315149000000001,
        0.007018112000000001,
        0.007253451,
        0.007081422,
        0.007113946,
        0.007183514,
        0.007180146,
        0.006887453000000001,
        0.007072348000000001,
        0.0074586520000000005,
        0.0070714540000000005,
        0.006921724000000001,
        0.007255248000000001,
        0.0072702420000000005,
        0.0072007600000000005,
        0.007010589,
        0.0072358430000000005,
        0.006961744000000001,
        0.00725093,
        0.007393284000000001,
        0.0070890300000000005,
        0.007193993,
        0.006873782,
        0.007313638000000001
      ],
      "memory_usage_byte": [
        675840,
        675840,
        675840,
        675840,
        675840,
        675840,
        675840,
        675840,
        675840,
        675840,
        675840,
        675840,
        675840,
        675840,
        675840,
        675840,
        704512,
        704512,
        704512,
        704512,
        704512,
        704512,
        704512,
        704512,
        704512,
        704512,
        704512,
        704512,
        704512,
        704512,
        704512,
        704512,
        704512,
        704512,
        704512,
        704512,
        704512,
        704512,
        704512,
        704512,
        704512,
        704512,
        704512,
        704512,
        704512,
        704512,
        704512,
        704512,
        704512,
        704512
      ],
      "exit_codes": [
        0,
        0,
        0,
        0,
        0,
        0,
        0,
        0,
        0,
        0,
        0,
        0,
        0,
        0,
        0,
        0,
        0,
        0,
        0,
        0,
        0,
        0,
        0,
        0,
        0,
        0,
        0,
        0,
        0,
        0,
        0,
        0,
        0,
        0,
        0,
        0,
        0,
        0,
        0,
        0,
        0,
        0,
        0,
        0,
        0,
        0,
        0,
        0,
        0,
        0
      ]
    },
    {
      "command": "bin/euclidean-ext-mml",
      "mean": 0.008539619920000002,
      "stddev": 0.0002198039863413412,
      "median": 0.008559444,
      "user": 0.00601008,
      "system": 0.0013092600000000002,
      "min": 0.008088829,
      "max": 0.008922290000000001,
      "times": [
        0.008559617,
        0.008743664,
        0.008466668,
        0.008213105,
        0.008746994000000001,
        0.008487033,
        0.008281731,
        0.008745633000000001,
        0.008541849,
        0.008584404,
        0.00849568,
        0.008371738,
        0.008840542,
        0.008653024,
        0.008647284,
        0.008806882,
        0.008506518000000001,
        0.008511315,
        0.008764592,
        0.00853238,
        0.008918797000000001,
        0.008574328,
        0.008678229,
        0.00865331,
        0.008691758,
        0.008695096000000001,
        0.008865593,
        0.008389190000000001,
        0.008102781,
        0.008444245000000001,
        0.008683308,
        0.008213837,
        0.008088829,
        0.008471865,
        0.008748348000000001,
        0.008540782,
        0.008922290000000001,
        0.00866723,
        0.008708088000000001,
        0.008686995000000001,
        0.008213123000000001,
        0.008682246000000001,
        0.008559271,
        0.008143665000000001,
        0.008149471,
        0.008601574,
        0.008338642,
        0.008238651000000001,
        0.008537889,
        0.008270912
      ],
      "memory_usage_byte": [
        704512,
        704512,
        704512,
        704512,
        704512,
        704512,
        704512,
        704512,
        704512,
        704512,
        704512,
        704512,
        704512,
        704512,
        704512,
        704512,
        704512,
        704512,
        704512,
        704512,
        704512,
        704512,
        704512,
        704512,
        704512,
        704512,
        704512,
        704512,
        704512,
        704512,
        704512,
        704512,
        704512,
        704512,
        704512,
        704512,
        708608,
        708608,
        708608,
        708608,
        708608,
        708608,
        708608,
        708608,
        708608,
        708608,
        708608,
        708608,
        708608,
        708608
      ],
      "exit_codes": [
        0,
        0,
        0,
        0,
        0,
        0,
        0,
        0,
        0,
        0,
        0,
        0,
        0,
        0,
        0,
        0,
        0,
        0,
        0,
        0,
        0,
        0,
        0,
        0,
        0,
        0,
        0,
        0,
        0,
        0,
        0,
        0,
        0,
        0,
        0,
        0,
        0,
        0,
        0,
        0,
        0,
        0,
        0,
        0,
        0,
        0,
        0,
        0,
        0,
        0
      ]
    }
  ]
}
