command,mean,stddev,median,user,system,min,max
bin/euclidean-ext-c,0.007115121159999999,0.00018535004086018398,0.007119161000000001,0.004574539999999999,0.00132916,0.006738494,0.007595152000000001
bin/euclidean-ext-mml,0.008539619920000002,0.0002198039863413412,0.008559444,0.00601008,0.0013092600000000002,0.008088829,0.008922290000000001
