{
  "results": [
    {
      "command": "bin/matmul-c",
      "mean": 0.38030498273999996,
      "stddev": 0.02170850892428695,
      "median": 0.3696173975,
      "user": 0.36946284000000007,
      "system": 0.0057658599999999985,
      "min": 0.364941546,
      "max": 0.47642523400000003,
      "times": [
        0.36932749400000003,
        0.36825332000000005,
        0.367595124,
        0.36792340100000004,
        0.368288123,
        0.36661921000000003,
        0.36871174900000003,
        0.391595073,
        0.36733649900000004,
        0.36671675000000004,
        0.374704111,
        0.382473445,
        0.369907301,
        0.36521457700000004,
        0.36531823300000005,
        0.3735059,
        0.36645196700000005,
        0.36597645900000003,
        0.36677321100000004,
        0.365500543,
        0.369091897,
        0.37516806900000005,
        0.367808085,
        0.36824676900000003,
        0.386038828,
        0.404654934,
        0.385260009,
        0.47642523400000003,
        0.377437701,
        0.375985342,
        0.384068039,
        0.37197249200000004,
        0.364941546,
        0.383671766,
        0.401986098,
        0.419082928,
        0.44700837600000004,
        0.39646034500000005,
        0.408003119,
        0.40145685600000003,
        0.367970842,
        0.36804857700000004,
        0.368440757,
        0.36680548900000004,
        0.38955388500000004,
        0.37492341300000004,
        0.401550326,
        0.379978666,
        0.36610488100000005,
        0.368911378
      ],
      "memory_usage_byte": [
        6717440,
        6717440,
        6717440,
        6717440,
        6717440,
        6717440,
        6717440,
        6717440,
        6717440,
        6717440,
        6717440,
        6717440,
        6717440,
        6717440,
        6717440,
        6717440,
        6717440,
        6717440,
        6717440,
        6717440,
        6717440,
        6717440,
        6717440,
        6717440,
        6717440,
        6717440,
        6717440,
        6717440,
        6725632,
        6725632,
        6725632,
        6725632,
        6725632,
        6725632,
        6725632,
        6725632,
        6729728,
        6729728,
        6729728,
        6729728,
        6729728,
        6729728,
        6729728,
        6729728,
        6729728,
        6729728,
        6729728,
        6729728,
        6729728,
        6729728
      ],
      "exit_codes": [
        0,
        0,
        0,
        0,
        0,
        0,
        0,
        0,
        0,
        0,
        0,
        0,
        0,
        0,
        0,
        0,
        0,
        0,
        0,
        0,
        0,
        0,
        0,
        0,
        0,
        0,
        0,
        0,
        0,
        0,
        0,
        0,
        0,
        0,
        0,
        0,
        0,
        0,
        0,
        0,
        0,
        0,
        0,
        0,
        0,
        0,
        0,
        0,
        0,
        0
      ]
    },
    {
      "command": "bin/matmul-restricted-c",
      "mean": 0.06287498320000001,
      "stddev": 0.0030737391041468346,
      "median": 0.061854621000000005,
      "user": 0.0574282,
      "system": 0.0035232199999999997,
      "min": 0.058799979,
      "max": 0.074579982,
      "times": [
        0.069881443,
        0.06640639500000001,
        0.069779354,
        0.06362119200000001,
        0.061996771000000006,
        0.06125900200000001,
        0.06116989800000001,
        0.063433901,
        0.062428002,
        0.06371206900000001,
        0.069773763,
        0.064232236,
        0.06353310100000001,
        0.063789422,
        0.062031064000000004,
        0.058799979,
        0.061582575,
        0.060006461000000004,
        0.062936112,
        0.062206056,
        0.060997149,
        0.064129379,
        0.059981475000000006,
        0.074579982,
        0.060850829,
        0.060766333000000006,
        0.06043272500000001,
        0.06112535,
        0.062317748000000006,
        0.061134765,
        0.060497253,
        0.06517141700000001,
        0.06229793200000001,
        0.060971412,
        0.06410218200000001,
        0.06849093,
        0.065946629,
        0.062727696,
        0.060239377000000004,
        0.060949867000000005,
        0.061712471000000005,
        0.060801061,
        0.06136126,
        0.060278103000000006,
        0.06295407900000001,
        0.060915908000000005,
        0.061593249,
        0.061421408000000004,
        0.061083589,
        0.061338806
      ],
      "memory_usage_byte": [
        6766592,
        6766592,
        6766592,
        6766592,
        6766592,
        6766592,
        6766592,
        6766592,
        6766592,
        6766592,
        6766592,
        6766592,
        6766592,
        6766592,
        6766592,
        6766592,
        6766592,
        6766592,
        6766592,
        6766592,
        6766592,
        6766592,
        6766592,
        6766592,
        6766592,
        6766592,
        6766592,
        6766592,
        6766592,
        6766592,
        6766592,
        6766592,
        6766592,
        6766592,
        6766592,
        6766592,
        6774784,
        6774784,
        6774784,
        6774784,
        6774784,
        6774784,
        6774784,
        6774784,
        6774784,
        6774784,
        6774784,
        6774784,
        6774784,
        6774784
      ],
      "exit_codes": [
        0,
        0,
        0,
        0,
        0,
        0,
        0,
        0,
        0,
        0,
        0,
        0,
        0,
        0,
        0,
        0,
        0,
        0,
        0,
        0,
        0,
        0,
        0,
        0,
        0,
        0,
        0,
        0,
        0,
        0,
        0,
        0,
        0,
        0,
        0,
        0,
        0,
        0,
        0,
        0,
        0,
        0,
        0,
        0,
        0,
        0,
        0,
        0,
        0,
        0
      ]
    },
    {
      "command": "bin/matmul-mml",
      "mean": 0.15053753362,
      "stddev": 0.000700475485569909,
      "median": 0.1504002115,
      "user": 0.14565868,
      "system": 0.0032543999999999993,
      "min": 0.14965408200000002,
      "max": 0.153224049,
      "times": [
        0.15053543900000002,
        0.15000897300000002,
        0.15058811900000002,
        0.149729471,
        0.15192506,
        0.15251159,
        0.150792231,
        0.150177747,
        0.15102715900000002,
        0.150603718,
        0.150568481,
        0.151454541,
        0.149967747,
        0.14989971700000002,
        0.14999674600000001,
        0.150439298,
        0.150104904,
        0.153224049,
        0.150752003,
        0.150231206,
        0.14980332700000001,
        0.150627705,
        0.150849924,
        0.149874942,
        0.151807829,
        0.150523127,
        0.15083705,
        0.149966603,
        0.150504664,
        0.15021768000000002,
        0.15023493300000001,
        0.150129329,
        0.150926486,
        0.150142869,
        0.149731223,
        0.149801334,
        0.15017064900000002,
        0.151171834,
        0.15024232,
        0.150817726,
        0.15050328400000001,
        0.150361125,
        0.150050026,
        0.150712135,
        0.151112309,
        0.15017518400000002,
        0.150276782,
        0.15029198100000002,
        0.15082002,
        0.14965408200000002
      ],