command,mean,stddev,median,user,system,min,max
bin/matmul-c,0.38030498273999996,0.02170850892428695,0.3696173975,0.36946284000000007,0.0057658599999999985,0.364941546,0.47642523400000003
bin/matmul-restricted-c,0.06287498320000001,0.0030737391041468346,0.061854621000000005,0.0574282,0.0035232199999999997,0.058799979,0.074579982
bin/matmul-mml,0.15053753362,0.000700475485569909,0.1504002115,0.14565868,0.0032543999999999993,0.14965408200000002,0.153224049
bin/matmul-opt-mml,0.10411092906000001,0.003773200678757867,0.1030332775,0.09909619999999998,0.0033880799999999995,0.10006726,0.115120153
bin/matmul-go,0.25399458924000007,0.001479802964859831,0.25407765550000005,0.24806388000000001,0.005641160000000001,0.250184844,0.256551817
bin/matmul-hoisted-go,0.34435488093999994,0.002033854262266321,0.34369232400000005,0.33802516000000005,0.005994099999999999,0.340783971,0.350150954
