{
  "results": [
    {
      "command": "bin/nqueens-c",
      "mean": 0.1315817611,
      "stddev": 0.00029822991223990217,
      "median": 0.1314868365,
      "user": 0.12877379999999997,
      "system": 0.0014536999999999998,
      "min": 0.13132101000000002,
      "max": 0.132462476,
      "times": [
        0.13180924600000002,
        0.131400237,
        0.13148146200000002,
        0.13143485400000002,
        0.131657503,
        0.13132101000000002,
        0.13229856,
        0.131351729,
        0.13143474,
        0.131492211,
        0.13151484000000002,
        0.13152301900000002,
        0.131461291,
        0.131442727,
        0.132462476,
        0.131677563,
        0.131538483,
        0.131547614,
        0.13142762300000002,
        0.131358034
      ],
      "memory_usage_byte": [
        675840,
        675840,
        675840,
        675840,
        675840,
        675840,
        675840,
        675840,
        675840,
        675840,
        675840,
        675840,
        675840,
        675840,
        675840,
        675840,
        675840,
        675840,
        675840,
        675840
      ],
      "exit_codes": [
        0,
        0,
        0,
        0,
        0,
        0,
        0,
        0,
        0,
        0,
        0,
        0,
        0,
        0,
        0,
        0,
        0,
        0,
        0,
        0
      ]
    },
    {
      "command": "bin/nqueens-mml",
      "mean": 0.21763296945000002,
      "stddev": 0.0004400276230540259,
      "median": 0.217547972,
      "user": 0.21462069999999994,
      "system": 0.0015754,
      "min": 0.21704452400000002,
      "max": 0.21851509300000002,
      "times": [
        0.21732589900000002,
        0.217579727,
        0.217653014,
        0.217986263,
        0.217585729,
        0.217446357,
        0.21795465800000002,
        0.217492607,
        0.218399952,
        0.21713348100000002,
        0.218352082,
        0.21704452400000002,
        0.21851509300000002,
        0.21707779200000002,
        0.21742039000000002,
        0.217170259,
        0.217516217,
        0.217934966,
        0.21728466600000002,
        0.21778571300000002
      ],
      "memory_usage_byte": [
        679936,
        679936,
        679936,
        679936,
        679936,
        679936,
        679936,
        679936,
        679936,
        679936,
        679936,
        679936,
        679936,
        679936,
        679936,
        679936,
        679936,
        679936,
        679936,
        679936
      ],
      "exit_codes": [
        0,
        0,
        0,
        0,
        0,
        0,
        0,
        0,
        0,
        0,
        0,
        0,
        0,
        0,
        0,
        0,
        0,
        0,
        0,
        0
      ]
    }
  ]
}
