command,mean,stddev,median,user,system,min,max
bin/nqueens-c,0.1315817611,0.00029822991223990217,0.1314868365,0.12877379999999997,0.0014536999999999998,0.13132101000000002,0.132462476
bin/nqueens-mml,0.21763296945000002,0.0004400276230540259,0.217547972,0.21462069999999994,0.0015754,0.21704452400000002,0.21851509300000002
