command,mean,stddev,median,user,system,min,max
bin/quicksort-c,0.10878993202000002,0.0006310228875672365,0.10862679950000001,0.10298635999999993,0.00417542,0.107776328,0.110663806
bin/quicksort-mml,0.10802277846000002,0.0033253993553842027,0.1074271965,0.10218752,0.0036382999999999997,0.10668184400000001,0.130663851
