{
  "results": [
    {
      "command": "bin/quicksort-c",
      "mean": 0.10878993202000002,
      "stddev": 0.0006310228875672365,
      "median": 0.10862679950000001,
      "user": 0.10298635999999993,
      "system": 0.00417542,
      "min": 0.107776328,
      "max": 0.110663806,
      "times": [
        0.10900388300000001,
        0.10839960800000001,
        0.108403703,
        0.110663806,
        0.10838404400000001,
        0.10868124200000001,
        0.10831712800000001,
        0.10854725500000001,
        0.108683419,
        0.108974736,
        0.10894279600000001,
        0.10822994400000001,
        0.11009300500000001,
        0.10928014100000001,
        0.10816473400000001,
        0.10908358800000001,
        0.10791573800000001,
        0.108825192,
        0.10851111000000001,
        0.10777644300000001,
        0.10887386900000001,
        0.108415169,
        0.10989870500000001,
        0.10868733900000001,
        0.108051564,
        0.108002994,
        0.10845945100000001,
        0.10852387000000001,
        0.10870364900000001,
        0.108434579,
        0.109081458,
        0.109592594,
        0.108526253,
        0.108940429,
        0.10880258400000001,
        0.10835322500000001,
        0.10989929500000001,
        0.10847717800000001,
        0.107776328,
        0.109580144,
        0.10923744,
        0.108499808,
        0.10864017100000001,
        0.108597515,
        0.10852632200000001,
        0.10999908300000001,
        0.10860657100000001,
        0.10861342800000001,
        0.108712292,
        0.11010177900000001
      ],
      "memory_usage_byte": [
        8695808,
        8695808,
        8695808,
        8695808,
        8695808,
        8695808,
        8695808,
        8695808,
        8695808,
        8695808,
        8695808,
        8695808,
        8695808,
        8695808,
        8695808,
        8695808,
        8695808,
        8695808,
        8695808,
        8695808,
        8695808,
        8695808,
        8695808,
        8695808,
        8695808,
        8695808,
        8695808,
        8695808,
        8695808,
        8695808,
        8695808,
        8695808,
        8695808,
        8695808,
        8695808,
        8695808,
        8695808,
        8695808,
        8695808,
        8695808,
        8695808,
        8695808,
        8695808,
        8695808,
        8695808,
        8695808,
        8695808,
        8695808,
        8695808,
        8695808
      ],
      "exit_codes": [
        0,
        0,
        0,
        0,
        0,
        0,
        0,
        0,
        0,
        0,
        0,
        0,
        0,
        0,
        0,
        0,
        0,
        0,
        0,
        0,
        0,
        0,
        0,
        0,
        0,
        0,
        0,
        0,
        0,
        0,
        0,
        0,
        0,
        0,
        0,
        0,
        0,
        0,
        0,
        0,
        0,
        0,
        0,
        0,
        0,
        0,
        0,
        0,
        0,
        0
      ]
    },
    {
      "command": "bin/quicksort-mml",
      "mean": 0.10802277846000002,
      "stddev": 0.0033253993553842027,
      "median": 0.1074271965,
      "user": 0.10218752,
      "system": 0.0036382999999999997,
      "min": 0.10668184400000001,
      "max": 0.130663851,
      "times": [
        0.10770064900000001,
        0.10708191,
        0.106971851,
        0.10826316300000001,
        0.10780513700000001,
        0.108002916,
        0.10808806500000001,
        0.10669705900000001,
        0.10723442500000001,
        0.10690169100000001,
        0.10702547800000001,
        0.107195018,
        0.10779999400000001,
        0.10765986000000001,
        0.108357853,
        0.108584657,
        0.10783666300000001,
        0.10724942500000001,
        0.10821873600000001,
        0.10734858200000001,
        0.110029264,
        0.107129866,
        0.10728963100000001,
        0.107924029,
        0.107868447,
        0.107583094,
        0.10668184400000001,
        0.106935996,
        0.108250145,
        0.10723491,
        0.10815901800000001,
        0.107225918,
        0.10699309400000001,
        0.10795220800000001,
        0.106757774,
        0.130663851,
        0.10713254300000001,
        0.107294712,
        0.107381055,
        0.10773696,
        0.107451189,
        0.10803456700000001,
        0.10847820100000001,
        0.108074157,
        0.107325772,
        0.107444676,
        0.106840736,
        0.10679315800000001,
        0.10703925900000001,
        0.107409717
      ],
      "memory_usage_byte": [
        8699904,
        8699904,
        8699904,
        8699904,
        8699904,
        8699904,
        8699904,
        8699904,
        8699904,
        8699904,
        8699904,
        8699904,
        8699904,
        8699904,
        8699904,
        8699904,
        8699904,
        8699904,
        8699904,
        8699904,
        8699904,
        8699904,
        8699904,
        8699904,
        8699904,
        8699904,
        8699904,
        8699904,
        8699904,
        8699904,
        8699904,
        8699904,
        8699904,
        8699904,
        8699904,
        8699904,
        8699904,
        8699904,
        8699904,
        8699904,
        8699904,
        8699904,
        8699904,
        8699904,
        8699904,
        8699904,
        8699904,
        8699904,
        8699904,
        8699904
      ],
      "exit_codes": [
        0,
        0,
        0,
        0,
        0,
        0,
        0,
        0,
        0,
        0,
        0,
        0,
        0,
        0,
        0,
        0,
        0,
        0,
        0,
        0,
        0,
        0,
        0,
        0,
        0,
        0,
        0,
        0,
        0,
        0,
        0,
        0,
        0,
        0,
        0,
        0,
        0,
        0,
        0,
        0,
        0,
        0,
        0,
        0,
        0,
        0,
        0,
        0,
        0,
        0
      ]
    }
  ]
}
