command,mean,stddev,median,user,system,min,max
bin/sieve-mml-O0-tco,0.008928867660000001,0.00040960851438391285,0.0089026035,0.005189458000000003,0.0023120520000000015,0.0079045,0.010386973
bin/sieve-mml-O0-no-tco,0.033030363728000015,0.002103665278510643,0.032187594,0.02662250399999999,0.004681123999999997,0.030612951000000003,0.039085605
bin/sieve-mml-O1-tco,0.008922744287999997,0.0004194997925731058,0.008910675,0.005182458000000002,0.002318406000000003,0.007895526,0.010979193
bin/sieve-mml-O1-no-tco,0.008953105788000003,0.0004444546260944761,0.008929695500000001,0.005190366,0.002327337999999999,0.007926101,0.011317118000000001
bin/sieve-mml-O2-tco,0.008864191503999995,0.00043921215132581036,0.008826235000000002,0.005089273999999996,0.002342104,0.007834585,0.011647375000000001
bin/sieve-mml-O2-no-tco,0.008773649650000008,0.0004640693827698444,0.008747258,0.005038117999999999,0.0023075099999999987,0.00775138,0.011942166
bin/sieve-mml-O3-tco,0.008818021499999997,0.00042163547385639446,0.0087759725,0.0050764919999999976,0.0023220159999999984,0.0077710570000000005,0.011019843000000001
bin/sieve-mml-O3-no-tco,0.008786300217999999,0.0004049137488106503,0.0087457245,0.005054640000000002,0.0023090139999999994,0.007739971000000001,0.01039929
