command,mean,stddev,median,user,system,min,max
bin/matmul-mml-O0-tco,0.15758997654799994,0.0009819468682382413,0.157520869,0.1524226559999999,0.0034098300000000004,0.155300446,0.16449533800000002
bin/matmul-mml-O0-no-tco,0.974429689314,0.16731189128261972,0.9124708860000001,0.9646679720000005,0.004506171999999998,0.85926027,1.486699083
bin/matmul-mml-O1-tco,0.09795694896799995,0.005227119862671989,0.09660797600000001,0.09423143800000003,0.0023574139999999986,0.09038810700000001,0.13005418700000002
bin/matmul-mml-O1-no-tco,0.09953596418000003,0.003583079352305857,0.098680627,0.09593168999999997,0.002281666000000002,0.094300414,0.11613448600000001
bin/matmul-mml-O2-tco,0.09538802383800007,0.0034853316510234725,0.09438416200000001,0.09180296399999993,0.002262736000000002,0.090188926,0.112672091
bin/matmul-mml-O2-no-tco,0.09586109565800006,0.009487631775681482,0.09398606200000001,0.09215105800000004,0.0023223180000000007,0.08846688700000001,0.25344551400000004
bin/matmul-mml-O3-tco,0.09308666115399997,0.003981155736105607,0.0920198165,0.08954597199999997,0.0022387319999999976,0.08772183700000001,0.115750529
bin/matmul-mml-O3-no-tco,0.09286083247,0.0039533033271084775,0.091792989,0.08936334399999997,0.0022029379999999998,0.086610379,0.113640426
