command,mean,stddev,median,user,system,min,max
bin/sieve-c,0.008711801610000002,0.0004614549902958945,0.008649374000000001,0.004770544000000003,0.0025988139999999988,0.007692376000000001,0.010711861000000001
bin/sieve-mml,0.008808050281999992,0.0004653753715821466,0.0087395465,0.005110726000000002,0.002326134000000003,0.007799146000000001,0.011663860000000002
bin/sieve-rs,0.00936480279200001,0.0004115014482131743,0.009337877000000001,0.0053570899999999975,0.0026365960000000006,0.008415983,0.011274416
bin/sieve-go,0.011725854463999999,0.0011629835735334987,0.011641617,0.007366831999999993,0.004139243999999999,0.010719404,0.036035862
