command,mean,stddev,median,user,system,min,max
bin/ackermann-c,0.11698160220000002,0.005415012091215208,0.11478651000000001,0.11432654999999999,0.0013490499999999999,0.11102471700000001,0.13303209200000002
bin/ackermann-c-chacho,0.11567833930000002,0.003706487338306632,0.11401708,0.11309925000000001,0.0012682500000000003,0.11147849200000001,0.12449199300000001
bin/ackermann-mml,0.1403983234,0.005242419288700893,0.1387222445,0.13767759999999996,0.0013622999999999999,0.133260034,0.152239452
bin/ackermann-rs,0.17050171144999998,0.009582846681498221,0.16695018550000001,0.16719365000000003,0.0016636500000000002,0.160504865,0.195509033
bin/ackermann-go,0.20569056680000003,0.007530330137341032,0.2033071375,0.2019371,0.0029199999999999994,0.19582428000000002,0.221468354
