{
  "results": [
    {
      "command": "bin/ackermann-c",
      "mean": 0.11698160220000002,
      "stddev": 0.005415012091215208,
      "median": 0.11478651000000001,
      "user": 0.11432654999999999,
      "system": 0.0013490499999999999,
      "min": 0.11102471700000001,
      "max": 0.13303209200000002,
      "times": [
        0.119402643,
        0.11431323400000001,
        0.112509514,
        0.11903596500000001,
        0.11457483600000001,
        0.11102471700000001,
        0.11386488300000001,
        0.111970495,
        0.115680182,
        0.116659328,
        0.112953494,
        0.11464788000000001,
        0.11397185100000001,
        0.11284245400000001,
        0.11973460600000001,
        0.12658047,
        0.13303209200000002,
        0.12167311900000001,
        0.120235141,
        0.11492514000000001
      ],
      "memory_usage_byte": [
        786432,
        786432,
        786432,
        786432,
        786432,
        786432,
        786432,
        786432,
        786432,
        786432,
        786432,
        786432,
        786432,
        786432,
        786432,
        786432,
        786432,
        786432,
        786432,
        786432
      ],
      "exit_codes": [
        0,
        0,
        0,
        0,
        0,
        0,
        0,
        0,
        0,
        0,
        0,
        0,
        0,
        0,
        0,
        0,
        0,
        0,
        0,
        0
      ]
    },
    {
      "command": "bin/ackermann-c-chacho",
      "mean": 0.11567833930000002,
      "stddev": 0.003706487338306632,
      "median": 0.11401708,
      "user": 0.11309925000000001,
      "system": 0.0012682500000000003,
      "min": 0.11147849200000001,
      "max": 0.12449199300000001,
      "times": [
        0.119132209,
        0.12125757000000001,
        0.11572641600000001,
        0.11511188100000001,
        0.113698322,
        0.11147849200000001,
        0.114071905,
        0.121817506,
        0.114751,
        0.11198699200000001,
        0.11307415500000001,
        0.11396225500000001,
        0.11260905,
        0.1125648,
        0.11344327700000001,
        0.12449199300000001,
        0.118618495,
        0.11332953300000001,
        0.113476299,
        0.11896463600000001
      ],
      "memory_usage_byte": [
        786432,
        786432,
        786432,
        786432,
        786432,
        786432,
        786432,
        786432,
        786432,
        786432,
        786432,
        786432,
        786432,
        786432,
        786432,
        786432,
        786432,
        786432,
        786432,
        786432
      ],
      "exit_codes": [
        0,
        0,
        0,
        0,
        0,
        0,
        0,
        0,
        0,
        0,
        0,
        0,
        0,
        0,
        0,
        0,
        0,
        0,
        0,
        0
      ]
    },
    {
      "command": "bin/ackermann-mml",
      "mean": 0.1403983234,
      "stddev": 0.005242419288700893,
      "median": 0.1387222445,
      "user": 0.13767759999999996,
      "system": 0.0013622999999999999,
      "min": 0.133260034,
      "max": 0.152239452,
      "times": [
        0.13463519300000001,
        0.13926676100000002,
        0.137005973,
        0.14495560400000002,
        0.14037111600000002,
        0.14147120500000002,
        0.13822774300000001,
        0.14255052000000001,
        0.13776401200000002,
        0.133260034,
        0.148402229,
        0.138486462,
        0.138310908,
        0.151959416,
        0.137256604,
        0.13814373600000002,
        0.13569762900000001,
        0.152239452,
        0.13900384400000002,
        0.138958027
      ],
      "memory_usage_byte": [
        790528,
        794624,
        794624,
        794624,
        794624,
        794624,
        794624,
        794624,
        794624,
        794624,
        794624,
        794624,
        794624,
        794624,
        794624,
        794624,
        794624,
        794624,
        794624,
        794624
      ],
      "exit_codes": [
        0,
        0,
        0,
        0,
        0,
        0,
        0,
        0,
        0,
        0,
        0,
        0,
        0,
        0,
        0,
        0,
        0,
        0,
        0,
        0
      ]
    },
    {
      "command": "bin/ackermann-rs",
      "mean": 0.17050171144999998,
      "stddev": 0.009582846681498221,
      "median": 0.16695018550000001,
      "user": 0.16719365000000003,
      "system": 0.0016636500000000002,
      "min": 0.160504865,
      "max": 0.195509033,
      "times": [
        0.16189078,
        0.16623832400000002,
        0.16663481800000002,
        0.171878454,
        0.160504865,
        0.163597341,
        0.172843997,
        0.16507779,
        0.185270077,
        0.168874363,
        0.166418862,
        0.16268595000000002,
        0.167265553,
        0.161371748,
        0.16203762200000002,
        0.168034926,
        0.183589788,
        0.195509033,
        0.180202714,
        0.180107224
      ],
      "memory_usage_byte": [
        983040,
        983040,
        983040,
        983040,
        983040,
        983040,
        983040,
        983040,
        983040,
        983040,
        983040,
        983040,
        983040,
        983040,
        983040,
        983040,
        983040,
        983040,
        983040,
        983040
      ],
      "exit_codes": [
        0,
        0,
        0,
        0,
        0,
        0,
        0,
        0,
        0,
        0,
        0,
        0,
        0,
        0,
        0,
        0,
        0,
        0,
        0,
        0
      ]
    },
    {
      "command": "bin/ackermann-go",
      "mean": 0.20569056680000003,
      "stddev": 0.007530330137341032,
      "median": 0.2033071375,
      "user": 0.2019371,
      "system": 0.0029199999999999994,
      "min": 0.19582428000000002,
      "max": 0.221468354,
      "times": [
        0.199436051,
        0.20297973000000002,
        0.203126664,
        0.211851909,
        0.203397611,
        0.19664131,
        0.21484735700000002,
        0.203555069,
        0.20865360100000002,
        0.202190371,
        0.21889761000000002,
        0.208822692,
        0.19630060700000002,
        0.20610262000000001,
        0.20321666400000002,
        0.198388258,
        0.221468354,
        0.19582428000000002,
        0.21572152100000003,
        0.202389057
      ],
      "memory_usage_byte": [
        3174400,
        3174400,
        3174400,
        3174400,
        3182592,
        3182592,
        3190784,
        3190784,
        3190784,
        3190784,
        3190784,
        3190784,
        3190784,
        3190784,
        3190784,
        3260416,
        3260416,
        3260416,
        3260416,
        3260416
      ],
      "exit_codes": [
        0,
        0,
        0,
        0,
        0,
        0,
        0,
        0,
        0,
        0,
        0,
        0,
        0,
        0,
        0,
        0,
        0,
        0,
        0,
        0
      ]
    }
  ]
}
