command,mean,stddev,median,user,system,min,max
bin/euclidean-ext-c,0.004681197220000001,0.0005173790812859539,0.0044729240000000005,0.0029440800000000004,0.0008900400000000001,0.00405156,0.005927652
bin/euclidean-ext-mml,0.005083195479999999,0.0006857752165733717,0.005023364000000001,0.00319544,0.0009400999999999998,0.004243224,0.007162488000000001
