{
  "results": [
    {
      "command": "bin/euclidean-ext-c",
      "mean": 0.004681197220000001,
      "stddev": 0.0005173790812859539,
      "median": 0.0044729240000000005,
      "user": 0.0029440800000000004,
      "system": 0.0008900400000000001,
      "min": 0.00405156,
      "max": 0.005927652,
      "times": [
        0.005419922000000001,
        0.0050424070000000005,
        0.005342423000000001,
        0.005422584,
        0.005057576,
        0.005358676000000001,
        0.005287914,
        0.005085949,
        0.005356022,
        0.005307352,
        0.005039629,
        0.005155524000000001,
        0.0052787450000000005,
        0.005088022,
        0.0050566510000000005,
        0.005235127,
        0.004821023000000001,
        0.004457554,
        0.0041325960000000005,
        0.004125255,
        0.005032529,
        0.004448545,
        0.004195479,
        0.004198697,
        0.004155044,
        0.0041360780000000005,
        0.004579894,
        0.004325916,
        0.004425906,
        0.004139884,
        0.004144529,
        0.004160876,
        0.004167947,
        0.004150053,
        0.004487659000000001,
        0.004563714,
        0.0053699360000000005,
        0.005927652,
        0.004458189,
        0.004115581,
        0.0053518260000000005,
        0.004283669,
        0.004200102,
        0.004362637,
        0.0042997700000000005,
        0.004219962,
        0.004675776,
        0.0041386520000000005,
        0.00405156,
        0.004220848
      ],
      "memory_usage_byte": [
        688128,
        688128,
        688128,
        688128,
        688128,
        688128,
        688128,
        688128,
        688128,
        688128,
        688128,
        688128,
        688128,
        688128,
        688128,
        688128,
        688128,
        688128,
        688128,
        688128,
        688128,
        688128,
        688128,
        688128,
        688128,
        688128,
        688128,
        688128,
        688128,
        688128,
        688128,
        688128,
        688128,
        688128,
        688128,
        688128,
        688128,
        688128,
        688128,
        688128,
        716800,
        716800,
        716800,
        716800,
        716800,
        716800,
        716800,
        716800,
        716800,
        716800
      ],
      "exit_codes": [
        0,
        0,
        0,
        0,
        0,
        0,
        0,
        0,
        0,
        0,
        0,
        0,
        0,
        0,
        0,
        0,
        0,
        0,
        0,
        0,
        0,
        0,
        0,
        0,
        0,
        0,
        0,
        0,
        0,
        0,
        0,
        0,
        0,
        0,
        0,
        0,
        0,
        0,
        0,
        0,
        0,
        0,
        0,
        0,
        0,
        0,
        0,
        0,
        0,
        0
      ]
    },
    {
      "command": "bin/euclidean-ext-mml",
      "mean": 0.005083195479999999,
      "stddev": 0.0006857752165733717,
      "median": 0.005023364000000001,
      "user": 0.00319544,
      "system": 0.0009400999999999998,
      "min": 0.004243224,
      "max": 0.007162488000000001,
      "times": [
        0.004390298,
        0.004472561,
        0.004530231,
        0.005058272,
        0.0052188930000000005,
        0.0056559390000000005,
        0.0048704,
        0.004559723,
        0.006668820000000001,
        0.00648622,
        0.006295593,
        0.006163975,
        0.005439121000000001,
        0.005772955000000001,
        0.005419777000000001,
        0.005842516000000001,
        0.0052954460000000005,
        0.005541470000000001,
        0.0053600440000000004,
        0.005302106,
        0.005349473,
        0.005231385000000001,
        0.005103782,
        0.005177790000000001,
        0.004736768000000001,
        0.004479994,
        0.004370998,
        0.004452289,
        0.004248746,
        0.004720651,
        0.004772519,
        0.005070590000000001,
        0.004582145,
        0.0045125880000000005,
        0.0049879650000000005,
        0.0050475960000000005,
        0.004488908000000001,
        0.004295754000000001,
        0.004631278,
        0.0042872480000000004,
        0.004532289,
        0.004243224,
        0.004378268,
        0.004999132,
        0.004525357000000001,
        0.005420932000000001,
        0.004455768000000001,
        0.007162488000000001,
        0.0057932800000000005,
        0.005756209
      ],
      "memory_usage_byte": [
        716800,
        716800,
        716800,
        716800,
        716800,
        716800,
        716800,
        716800,
        716800,
        716800,
        716800,
        716800,
        716800,
        716800,
        716800,
        716800,
        716800,
        716800,
        716800,
        716800,
        716800,
        716800,
        716800,
        716800,
        716800,
        716800,
        716800,
        716800,
        716800,
        716800,
        716800,
        716800,
        716800,
        716800,
        716800,
        716800,
        716800,
        716800,
        716800,
        716800,
        716800,
        716800,
        716800,
        716800,
        716800,
        716800,
        716800,
        724992,
        724992,
        724992
      ],
      "exit_codes": [
        0,
        0,
        0,
        0,
        0,
        0,
        0,
        0,
        0,
        0,
        0,
        0,
        0,
        0,
        0,
        0,
        0,
        0,
        0,
        0,
        0,
        0,
        0,
        0,
        0,
        0,
        0,
        0,
        0,
        0,
        0,
        0,
        0,
        0,
        0,
        0,
        0,
        0,
        0,
        0,
        0,
        0,
        0,
        0,
        0,
        0,
        0,
        0,
        0,
        0
      ]
    }
  ]
}
