command,mean,stddev,median,user,system,min,max
bin/matmul-c,0.23439956069999993,0.009821912802364332,0.23151822,0.22918287999999998,0.0034226400000000007,0.22211667200000001,0.280389751
bin/matmul-opt-c,0.04307428218,0.004024353743803836,0.0420129995,0.03883111999999999,0.002866039999999999,0.037780386,0.056879464000000005
bin/matmul-restricted-c,0.04466995664000001,0.003306742049575955,0.0445479815,0.04007580000000001,0.0030428799999999995,0.038633215000000005,0.055297374
bin/matmul-mml,0.23458502616000004,0.006102781246513949,0.232418166,0.22958221999999995,0.00336646,0.225118911,0.257747978
bin/matmul-opt-mml,0.04314360096000001,0.002446442923393914,0.042851481000000004,0.038881199999999984,0.00292704,0.037972778000000006,0.048866457
bin/matmul-go,0.16403835198000002,0.004843099239562414,0.1630320085,0.15913384,0.004495360000000001,0.15785116000000002,0.179897215
bin/matmul-bce-go,0.2335132695,0.004901047944624004,0.233138868,0.22837893999999995,0.004789440000000001,0.22482446700000003,0.252572344
bin/matmul-opt-go,0.09130839912,0.004392731301808848,0.089722571,0.08640971999999998,0.00434958,0.08560577200000001,0.101771703
