command,mean,stddev,median,user,system,min,max
bin/nqueens-c,0.08625674465,0.00612708804571887,0.08422645200000001,0.0836343,0.0012742,0.079739005,0.103814924
bin/nqueens-go,0.13739131520000003,0.004133852151829911,0.1367262025,0.13410024999999998,0.00247685,0.130830722,0.146287635
bin/nqueens-mml,0.1058250878,0.00416178335616909,0.10480821000000001,0.10330195,0.0012336499999999998,0.09971268700000001,0.11881395
