{
  "results": [
    {
      "command": "bin/nqueens-c",
      "mean": 0.08625674465,
      "stddev": 0.00612708804571887,
      "median": 0.08422645200000001,
      "user": 0.0836343,
      "system": 0.0012742,
      "min": 0.079739005,
      "max": 0.103814924,
      "times": [
        0.093717799,
        0.086599915,
        0.083138904,
        0.083626745,
        0.096644457,
        0.09187689900000001,
        0.08646632600000001,
        0.08250267600000001,
        0.08159625100000001,
        0.085379247,
        0.08482615900000001,
        0.08312540800000001,
        0.103814924,
        0.086682964,
        0.082929125,
        0.080801484,
        0.089156681,
        0.08240818600000001,
        0.080101738,
        0.079739005
      ],
      "memory_usage_byte": [
        679936,
        679936,
        679936,
        679936,
        679936,
        679936,
        679936,
        679936,
        679936,
        679936,
        679936,
        679936,
        679936,
        679936,
        679936,
        679936,
        679936,
        679936,
        679936,
        679936
      ],
      "exit_codes": [
        0,
        0,
        0,
        0,
        0,
        0,
        0,
        0,
        0,
        0,
        0,
        0,
        0,
        0,
        0,
        0,
        0,
        0,
        0,
        0
      ]
    },
    {
      "command": "bin/nqueens-go",
      "mean": 0.13739131520000003,
      "stddev": 0.004133852151829911,
      "median": 0.1367262025,
      "user": 0.13410024999999998,
      "system": 0.00247685,
      "min": 0.130830722,
      "max": 0.146287635,
      "times": [
        0.146153965,
        0.136889168,
        0.134128401,
        0.13371896,
        0.146287635,
        0.137234261,
        0.130830722,
        0.13540343800000001,
        0.136009401,
        0.136563237,
        0.137594047,
        0.14144588600000002,
        0.137725605,
        0.134991923,
        0.134453323,
        0.136421064,
        0.139134206,
        0.13183466200000002,
        0.138317455,
        0.142688945
      ],
      "memory_usage_byte": [
        2371584,
        2371584,
        2371584,
        2371584,
        2371584,
        2371584,
        2371584,
        2371584,
        2371584,
        2371584,
        2371584,
        2371584,
        2371584,
        2371584,
        2371584,
        2371584,
        2371584,
        2371584,
        2371584,
        2371584
      ],
      "exit_codes": [
        0,
        0,
        0,
        0,
        0,
        0,
        0,
        0,
        0,
        0,
        0,
        0,
        0,
        0,
        0,
        0,
        0,
        0,
        0,
        0
      ]
    },
    {
      "command": "bin/nqueens-mml",
      "mean": 0.1058250878,
      "stddev": 0.00416178335616909,
      "median": 0.10480821000000001,
      "user": 0.10330195,
      "system": 0.0012336499999999998,
      "min": 0.09971268700000001,
      "max": 0.11881395,
      "times": [
        0.111660112,
        0.10544010000000001,
        0.10563512600000001,
        0.100885888,
        0.10460282000000001,
        0.102979951,
        0.103521051,
        0.10455244000000001,
        0.09971268700000001,
        0.109719564,
        0.11881395,
        0.107266541,
        0.105838529,
        0.10468038800000001,
        0.104611353,
        0.104007102,
        0.10493603200000001,
        0.10247739900000001,
        0.105794439,
        0.10936628400000001
      ],
      "memory_usage_byte": [
        2371584,
        2371584,
        2371584,
        2371584,
        2371584,
        2371584,
        2371584,
        2371584,
        2371584,
        2371584,
        2371584,
        2371584,
        2371584,
        2371584,
        2371584,
        2371584,
        2371584,
        2371584,
        2371584,
        2371584
      ],
      "exit_codes": [
        0,
        0,
        0,
        0,
        0,
        0,
        0,
        0,
        0,
        0,
        0,
        0,
        0,
        0,
        0,
        0,
        0,
        0,
        0,
        0
      ]
    }
  ]
}
