{
  "results": [
    {
      "command": "bin/quicksort-c",
      "mean": 0.07079798339999999,
      "stddev": 0.004161583870434013,
      "median": 0.0700811835,
      "user": 0.06617947999999998,
      "system": 0.0032098799999999996,
      "min": 0.065603759,
      "max": 0.08694889900000001,
      "times": [
        0.06621866300000001,
        0.067361921,
        0.069203056,
        0.076566275,
        0.071822456,
        0.06859079,
        0.068491935,
        0.065823185,
        0.065603759,
        0.070463019,
        0.071296016,
        0.076320972,
        0.069872456,
        0.06925424300000001,
        0.066905859,
        0.074650276,
        0.068827516,
        0.068035998,
        0.068966446,
        0.071226512,
        0.07157200000000001,
        0.070617263,
        0.07076858,
        0.073260688,
        0.07204529900000001,
        0.078557531,
        0.07099388000000001,
        0.07025807,
        0.072017407,
        0.072004132,
        0.071036556,
        0.06822976600000001,
        0.06974596000000001,
        0.066492353,
        0.06667189,
        0.08694889900000001,
        0.07543870700000001,
        0.08289495100000001,
        0.07643456500000001,
        0.070988859,
        0.070488068,
        0.071634735,
        0.069904297,
        0.067974666,
        0.06662965,
        0.06814109900000001,
        0.068280275,
        0.06827493800000001,
        0.067556884,
        0.06853584900000001
      ],
      "memory_usage_byte": [
        8695808,
        8695808,
        8695808,
        8695808,
        8695808,
        8695808,
        8695808,
        8695808,
        8695808,
        8695808,
        8695808,
        8695808,
        8695808,
        8695808,
        8695808,
        8695808,
        8695808,
        8695808,
        8695808,
        8695808,
        8695808,
        8695808,
        8695808,
        8695808,
        8695808,
        8708096,
        8708096,
        8708096,
        8708096,
        8708096,
        8708096,
        8708096,
        8708096,
        8708096,
        8708096,
        8708096,
        8708096,
        8708096,
        8708096,
        8708096,
        8708096,
        8708096,
        8708096,
        8708096,
        8708096,
        8708096,
        8708096,
        8708096,
        8708096,
        8708096
      ],
      "exit_codes": [
        0,
        0,
        0,
        0,
        0,
        0,
        0,
        0,
        0,
        0,
        0,
        0,
        0,
        0,
        0,
        0,
        0,
        0,
        0,
        0,
        0,
        0,
        0,
        0,
        0,
        0,
        0,
        0,
        0,
        0,
        0,
        0,
        0,
        0,
        0,
        0,
        0,
        0,
        0,
        0,
        0,
        0,
        0,
        0,
        0,
        0,
        0,
        0,
        0,
        0
      ]
    },
    {
      "command": "bin/quicksort-mml",
      "mean": 0.08399093748,
      "stddev": 0.006215463192842859,
      "median": 0.082003981,
      "user": 0.07882686,
      "system": 0.003480079999999999,
      "min": 0.07645653000000001,
      "max": 0.103407178,
      "times": [
        0.076465644,
        0.085138923,
        0.08658415900000001,
        0.077873628,
        0.07645653000000001,
        0.087269864,
        0.077124124,
        0.082208528,
        0.09073113000000001,
        0.092899462,
        0.09739405500000001,
        0.09316428900000001,
        0.083558795,
        0.095147546,
        0.09079501000000001,
        0.085259004,
        0.08142887600000001,
        0.084713127,
        0.083048748,
        0.078610156,
        0.081325484,
        0.080091432,
        0.080977962,
        0.08363925800000001,
        0.084934676,
        0.09006531200000001,
        0.082330052,
        0.08234140000000001,
        0.07923283,
        0.079449066,
        0.081700906,
        0.103407178,
        0.084809752,
        0.078586553,
        0.08013801300000001,
        0.079517404,
        0.08401016600000001,
        0.098104064,
        0.08018075200000001,
        0.07944152800000001,
        0.07761108300000001,
        0.08033438000000001,
        0.080977407,
        0.079738897,
        0.078896066,
        0.078413363,
        0.079249336,
        0.081799434,
        0.089394101,
        0.092977421
      ],
      "memory_usage_byte": [
        8708096,
        8708096,
        8708096,
        8708096,
        8708096,
        8708096,
        8708096,
        8708096,
        8708096,
        8708096,
        8708096,
        8708096,
        8708096,
        8708096,
        8708096,
        8708096,
        8708096,
        8708096,
        8708096,
        8708096,
        8708096,
        8708096,
        8708096,
        8708096,
        8708096,
        8744960,
        8744960,
        8744960,
        8744960,
        8744960,
        8744960,
        8744960,
        8744960,
        8744960,
        8744960,
        8744960,
        8744960,
        8744960,
        8744960,
        8744960,
        8744960,
        8744960,
        8744960,
        8744960,
        8744960,
        8744960,
        8744960,
        8744960,
        8744960,
        8744960
      ],
      "exit_codes": [
        0,
        0,
        0,
        0,
        0,
        0,
        0,
        0,
        0,
        0,
        0,
        0,
        0,
        0,
        0,
        0,
        0,
        0,
        0,
        0,
        0,
        0,
        0,
        0,
        0,
        0,
        0,
        0,
        0,
        0,
        0,
        0,
        0,
        0,
        0,
        0,
        0,
        0,
        0,
        0,
        0,
        0,
        0,
        0,
        0,
        0,
        0,
        0,
        0,
        0
      ]
    }
  ]
}
