command,mean,stddev,median,user,system,min,max
bin/quicksort-c,0.07079798339999999,0.004161583870434013,0.0700811835,0.06617947999999998,0.0032098799999999996,0.065603759,0.08694889900000001
bin/quicksort-mml,0.08399093748,0.006215463192842859,0.082003981,0.07882686,0.003480079999999999,0.07645653000000001,0.103407178
