command,mean,stddev,median,user,system,min,max
bin/sieve-mml-O0-tco,0.007266015140000002,0.0006107191072652114,0.007053282500000001,0.00366266,0.002415,0.0065891380000000005,0.009979613
bin/sieve-mml-O0-no-tco,0.02689958446,0.001957324407575438,0.0267744185,0.020398439999999997,0.00487352,0.023584953000000002,0.032131981000000004
bin/sieve-mml-O1-tco,0.007976216940000001,0.0012265340622500997,0.007736789500000001,0.0039765400000000015,0.0026240799999999996,0.0063791,0.011827460000000001
bin/sieve-mml-O1-no-tco,0.007531245700000001,0.0007763022948625014,0.007374358500000001,0.003749540000000001,0.00254092,0.006070308,0.010019273
bin/sieve-mml-O2-tco,0.007754395779999999,0.0008400767994786777,0.007662206,0.0037405799999999986,0.0026829199999999992,0.006427103,0.009941139
bin/sieve-mml-O2-no-tco,0.007668808039999997,0.0008022564329639999,0.0075346315,0.00371954,0.00260542,0.006627752000000001,0.009758898
bin/sieve-mml-O3-tco,0.007404782099999998,0.000835271043520171,0.0071310195,0.00363996,0.0025170400000000003,0.006489082,0.009935421
bin/sieve-mml-O3-no-tco,0.007168784720000001,0.000510893263335577,0.007083542500000001,0.003570560000000001,0.00238722,0.006442495,0.008379601
