command,mean,stddev,median,user,system,min,max
bin/matmul-opt-mml-O0-tco,0.11859368358000003,0.0026145622286191566,0.11779313250000001,0.11206007999999999,0.004588999999999999,0.114554969,0.12577997000000002
bin/matmul-opt-mml-O0-no-tco,0.9818760456800004,0.025791313031802505,0.9923936050000001,0.9695610000000001,0.008364139999999999,0.9322649260000001,1.043477893
bin/matmul-opt-mml-O1-tco,0.06826166954000001,0.00324407949557216,0.068051943,0.06293620000000001,0.0037238999999999983,0.06327155500000001,0.078808262
bin/matmul-opt-mml-O1-no-tco,0.08628208194,0.0018195277326698352,0.0859735965,0.08090916,0.0037679199999999997,0.083134571,0.090119183
bin/matmul-opt-mml-O2-tco,0.049084899160000015,0.0044558761459021455,0.04768889950000001,0.04363982,0.0038574000000000004,0.045858489,0.068997926
bin/matmul-opt-mml-O2-no-tco,0.04726339798,0.0015088796810653995,0.047326291500000006,0.04231654,0.0034668399999999992,0.043390391,0.052054614000000006
bin/matmul-opt-mml-O3-tco,0.04633255878,0.0013831519125550255,0.046644218,0.04131549999999999,0.0035115199999999984,0.043227668000000004,0.049204321
bin/matmul-opt-mml-O3-no-tco,0.04726916326,0.001188438497941935,0.047084296,0.04226339999999999,0.0035191800000000002,0.045194243,0.052065729000000005
