command,mean,stddev,median,user,system,min,max
bin/matmul-mml-O0-tco,0.10173376806000001,0.005645983138831554,0.10032627300000001,0.09725353999999997,0.0029847199999999997,0.096108176,0.12992615600000001
bin/matmul-mml-O0-no-tco,0.9117245332800001,0.023082696019172948,0.9068203525,0.9013521599999998,0.006424859999999999,0.8824461920000001,0.989866224
bin/matmul-mml-O1-tco,0.09914778047999995,0.0050390706081147405,0.09800744450000001,0.09448037999999995,0.0030902799999999995,0.09253581100000001,0.11586893000000001
bin/matmul-mml-O1-no-tco,0.10282748518000004,0.004833091339768265,0.10121352450000001,0.09837867999999997,0.0029615400000000004,0.09748592,0.125330098
bin/matmul-mml-O2-tco,0.23515618837999994,0.007605188166309263,0.2348929875,0.23006121999999998,0.0033770999999999996,0.22510083500000003,0.267299233
bin/matmul-mml-O2-no-tco,0.26294864724,0.017278133297010615,0.259365799,0.25602820000000004,0.0045765,0.244712531,0.34887526500000005
bin/matmul-mml-O3-tco,0.26562728856,0.013510518829163891,0.2597218685,0.2585792799999999,0.0048223,0.24888882,0.30364322
bin/matmul-mml-O3-no-tco,0.26231592754000005,0.010234577757070939,0.2601572835,0.25571999999999995,0.004552199999999998,0.24881723200000003,0.298050735
