{
  "results": [
    {
      "command": "bin/sieve-c",
      "mean": 0.0063940552800000015,
      "stddev": 0.0014694425653943807,
      "median": 0.005896078000000001,
      "user": 0.00328622,
      "system": 0.00199982,
      "min": 0.0046904500000000005,
      "max": 0.010293452,
      "times": [
        0.00594419,
        0.005689658,
        0.005703777,
        0.004878259,
        0.005095949000000001,
        0.005089448,
        0.0049742070000000005,
        0.004878796,
        0.007546413,
        0.005438785000000001,
        0.0055683600000000005,
        0.005754993000000001,
        0.005136253,
        0.004748197,
        0.006085345000000001,
        0.005848314,
        0.004834587,
        0.004918709,
        0.0046904500000000005,
        0.004822079,
        0.0082909,
        0.009258395,
        0.007974206000000001,
        0.00735795,
        0.0066758880000000005,
        0.006556894000000001,
        0.005264414,
        0.005170233000000001,
        0.008679443,
        0.0072452060000000006,
        0.009649201000000001,
        0.009253341,
        0.008071236,
        0.010293452,
        0.007733603,
        0.008795185,
        0.008248344000000001,
        0.006924274,
        0.006282132,
        0.006306147000000001,
        0.006104863,
        0.005943842,
        0.006067241,
        0.0063374,
        0.005763224,
        0.005728828,
        0.005617605,
        0.005684573,
        0.005641045000000001,
        0.0051369300000000005
      ],
      "memory_usage_byte": [
        4698112,
        4698112,
        4698112,
        4698112,
        4698112,
        4698112,
        4698112,
        4698112,
        4698112,
        4698112,
        4698112,
        4698112,
        4698112,
        4698112,
        4698112,
        4698112,
        4698112,
        4698112,
        4698112,
        4698112,
        4698112,
        4698112,
        4698112,
        4698112,
        4698112,
        4698112,
        4698112,
        4698112,
        4698112,
        4698112,
        4698112,
        4698112,
        4698112,
        4698112,
        4698112,
        4698112,
        4698112,
        4698112,
        4698112,
        4698112,
        4698112,
        4698112,
        4698112,
        4698112,
        4698112,
        4698112,
        4698112,
        4698112,
        4698112,
        4698112
      ],
      "exit_codes": [
        0,
        0,
        0,
        0,
        0,
        0,
        0,
        0,
        0,
        0,
        0,
        0,
        0,
        0,
        0,
        0,
        0,
        0,
        0,
        0,
        0,
        0,
        0,
        0,
        0,
        0,
        0,
        0,
        0,
        0,
        0,
        0,
        0,
        0,
        0,
        0,
        0,
        0,
        0,
        0,
        0,
        0,
        0,
        0,
        0,
        0,
        0,
        0,
        0,
        0
      ]
    },
    {
      "command": "bin/sieve-mml",
      "mean": 0.005588533560000002,
      "stddev": 0.0006178891433573037,
      "median": 0.0055293105000000006,
      "user": 0.0030037199999999997,
      "system": 0.0016758199999999997,
      "min": 0.0047129450000000005,
      "max": 0.007169308,
      "times": [
        0.005580158,
        0.005036701,
        0.005488647,
        0.005782600000000001,
        0.005339007000000001,
        0.005136812,
        0.004909106,
        0.004934217,
        0.005423729,
        0.004862593,
        0.005321518,
        0.005585474,
        0.0052953620000000005,
        0.005688709,
        0.00589557,
        0.005157261000000001,
        0.005572723000000001,
        0.005793874,
        0.005659648000000001,
        0.005426562,
        0.0051417500000000005,
        0.005159334000000001,
        0.005080157,
        0.005597815000000001,
        0.005076458000000001,
        0.004994021,
        0.0047129450000000005,
        0.004866889,
        0.007028936,
        0.007169308,
        0.006115924,
        0.006068367000000001,
        0.006528926,
        0.006195209,
        0.006200346000000001,
        0.006144893,
        0.005990431,
        0.005621381,
        0.004908453,
        0.0050789220000000005,
        0.005569974,
        0.005065418,
        0.00512971,
        0.0049728640000000005,
        0.005792034000000001,
        0.006882737000000001,
        0.005646431,
        0.0052980200000000005,
        0.007144693000000001,
        0.006354061
      ],
      "memory_usage_byte": [
        4706304,
        4706304,
        4706304,
        4706304,
        4706304,
        4706304,
        4706304,
        4706304,
        4706304,
        4706304,
        4706304,
        4706304,
        4706304,
        4706304,
        4706304,
        4706304,
        4706304,
        4722688,
        4722688,
        4722688,
        4722688,
        4722688,
        4722688,
        4722688,
        4722688,
        4722688,
        4722688,
        4722688,
        4722688,
        4722688,
        4722688,
        4722688,
        4722688,
        4722688,
        4722688,
        4722688,
        4722688,
        4722688,
        4722688,
        4722688,
        4722688,
        4722688,
        4722688,
        4722688,
        4722688,
        4722688,
        4722688,
        4722688,
        4722688,
        4722688
      ],
      "exit_codes": [
        0,
        0,
        0,
        0,
        0,
        0,
        0,
        0,
        0,
        0,
        0,
        0,
        0,
        0,
        0,
        0,
        0,
        0,
        0,
        0,
        0,
        0,
        0,
        0,
        0,
        0,
        0,
        0,
        0,
        0,
        0,
        0,
        0,
        0,
        0,
        0,
        0,
        0,
        0,
        0,
        0,
        0,
        0,
        0,
        0,
        0,
        0,
        0,
        0,
        0
      ]
    },
    {
      "command": "bin/sieve-rs",
      "mean": 0.006705750039999998,
      "stddev": 0.0006768496432463661,
      "median": 0.0065411285,
      "user": 0.00363548,
      "system": 0.0019836999999999997,
      "min": 0.0055953,
      "max": 0.008208430000000001,
      "times": [
        0.006136337,
        0.00757983,
        0.007544192000000001,
        0.0061343840000000005,
        0.006912457,
        0.008208430000000001,
        0.006535485000000001,
        0.008083824,
        0.007677110000000001,
        0.008207734000000001,
        0.00770733,
        0.007121067,
        0.0064391610000000005,
        0.007896409,
        0.007018196000000001,
        0.006688936,
        0.0069080800000000005,
        0.006526049000000001,
        0.007098588,
        0.006377787,
        0.006141038000000001,
        0.006040237,
        0.0061391250000000005,
        0.005976567,
        0.005660656,
        0.005785872,
        0.005975335,
        0.0055953,
        0.0060966300000000005,
        0.007130849000000001,
        0.006546772,
        0.006432414,
        0.006338125,
        0.006096869,
        0.006817711000000001,
        0.0070982630000000005,
        0.0069323710000000005,
        0.008047305000000001,
        0.0066540720000000005,
        0.006426415,
        0.006806498,
        0.006119595,
        0.006277127,
        0.006357517,
        0.006686564000000001,
        0.006245497,
        0.0064512860000000005,
        0.0068506570000000004,
        0.006552694,
        0.006206755
      ],