command,mean,stddev,median,user,system,min,max
bin/sieve-c,0.0063940552800000015,0.0014694425653943807,0.005896078000000001,0.00328622,0.00199982,0.0046904500000000005,0.010293452
bin/sieve-mml,0.005588533560000002,0.0006178891433573037,0.0055293105000000006,0.0030037199999999997,0.0016758199999999997,0.0047129450000000005,0.007169308
bin/sieve-rs,0.006705750039999998,0.0006768496432463661,0.0065411285,0.00363548,0.0019836999999999997,0.0055953,0.008208430000000001
bin/sieve-go,0.00889661468,0.0007551841046008945,0.008852180000000001,0.00537428,0.0033276599999999983,0.007566743000000001,0.01096063
