{
  "results": [
    {
      "command": "bin/ackermann-c",
      "mean": 0.11253758295000002,
      "stddev": 0.007147155269382655,
      "median": 0.1102761715,
      "user": 0.11012510000000002,
      "system": 0.0011485999999999998,
      "min": 0.10583374300000001,
      "max": 0.137876367,
      "times": [
        0.10689037100000001,
        0.11318568100000001,
        0.10721795,
        0.137876367,
        0.11843073400000001,
        0.110437671,
        0.10752813500000001,
        0.10621493300000001,
        0.109491661,
        0.111486862,
        0.110506822,
        0.10583374300000001,
        0.117705129,
        0.10906489000000001,
        0.10989322300000001,
        0.11796447800000001,
        0.11011467200000001,
        0.114893981,
        0.11593665600000001,
        0.1100777
      ],
      "memory_usage_byte": [
        782336,
        782336,
        782336,
        782336,
        782336,
        782336,
        782336,
        782336,
        782336,
        782336,
        782336,
        782336,
        782336,
        782336,
        782336,
        782336,
        782336,
        782336,
        782336,
        782336
      ],
      "exit_codes": [
        0,
        0,
        0,
        0,
        0,
        0,
        0,
        0,
        0,
        0,
        0,
        0,
        0,
        0,
        0,
        0,
        0,
        0,
        0,
        0
      ]
    },
    {
      "command": "bin/ackermann-c-chacho",
      "mean": 0.1105926599,
      "stddev": 0.005591582391213486,
      "median": 0.11017397150000001,
      "user": 0.10813615000000001,
      "system": 0.00114305,
      "min": 0.10485308900000001,
      "max": 0.130369751,
      "times": [
        0.11281895900000001,
        0.112216327,
        0.10931181300000001,
        0.112101565,
        0.130369751,
        0.11118014600000001,
        0.11051501400000001,
        0.10950714,
        0.10485308900000001,
        0.11096776900000001,
        0.10643888700000001,
        0.106001814,
        0.106631741,
        0.10983292900000001,
        0.11186547000000001,
        0.11468536900000001,
        0.104975565,
        0.10682543700000001,
        0.11473559700000001,
        0.106018816
      ],
      "memory_usage_byte": [
        782336,
        782336,
        782336,
        782336,
        782336,
        782336,
        782336,
        782336,
        782336,
        782336,
        782336,
        782336,
        782336,
        782336,
        782336,
        782336,
        782336,
        782336,
        782336,
        782336
      ],
      "exit_codes": [
        0,
        0,
        0,
        0,
        0,
        0,
        0,
        0,
        0,
        0,
        0,
        0,
        0,
        0,
        0,
        0,
        0,
        0,
        0,
        0
      ]
    },
    {
      "command": "bin/ackermann-mml",
      "mean": 0.11260700285,
      "stddev": 0.005305429846851108,
      "median": 0.11251030000000001,
      "user": 0.11025565,
      "system": 0.001168,
      "min": 0.105743165,
      "max": 0.125381284,
      "times": [
        0.105743165,
        0.10941374200000001,
        0.11478162800000001,
        0.11317014,
        0.112666467,
        0.11477403000000001,
        0.10859128600000001,
        0.107570198,
        0.117826226,
        0.117533806,
        0.11438790400000001,
        0.108575429,
        0.10792531500000001,
        0.12269964900000001,
        0.125381284,
        0.113476777,
        0.11235413300000001,
        0.106664122,
        0.11157984200000001,
        0.10702491400000001
      ],
      "memory_usage_byte": [
        782336,
        782336,
        782336,
        782336,
        782336,
        782336,
        782336,
        782336,
        782336,
        782336,
        782336,
        782336,
        782336,
        782336,
        782336,
        782336,
        782336,
        782336,
        782336,
        782336
      ],
      "exit_codes": [
        0,
        0,
        0,
        0,
        0,
        0,
        0,
        0,
        0,
        0,
        0,
        0,
        0,
        0,
        0,
        0,
        0,
        0,
        0,
        0
      ]
    },
    {
      "command": "bin/ackermann-rs",
      "mean": 0.13262376595,
      "stddev": 0.00612006857610374,
      "median": 0.13066798000000002,
      "user": 0.13017439999999997,
      "system": 0.0011743,
      "min": 0.124970018,
      "max": 0.144896783,
      "times": [
        0.144896783,
        0.12656272400000002,
        0.136420001,
        0.130152882,
        0.13940894,
        0.127779672,
        0.13064213400000002,
        0.125818544,
        0.127590219,
        0.12895087900000002,
        0.143217704,
        0.129414194,
        0.124970018,
        0.130693826,
        0.13905883300000002,
        0.126175009,
        0.141119257,
        0.134816499,
        0.132767707,
        0.13201949400000001
      ],
      "memory_usage_byte": [
        999424,
        999424,
        999424,
        999424,
        999424,
        999424,
        999424,
        999424,
        999424,
        999424,
        999424,
        999424,
        999424,
        999424,
        999424,
        999424,
        999424,
        999424,
        999424,
        999424
      ],
      "exit_codes": [
        0,
        0,
        0,
        0,
        0,
        0,
        0,
        0,
        0,
        0,
        0,
        0,
        0,
        0,
        0,
        0,
        0,
        0,
        0,
        0
      ]
    },
    {
      "command": "bin/ackermann-go",
      "mean": 0.19918215205,
      "stddev": 0.008937988080088272,
      "median": 0.19576815050000002,
      "user": 0.19570889999999996,
      "system": 0.0028642499999999996,
      "min": 0.188924119,
      "max": 0.22362244,
      "times": [
        0.19306372500000002,
        0.19497265300000002,
        0.21064443100000002,
        0.19596269500000002,
        0.202812828,
        0.19204379900000002,
        0.19234742400000002,
        0.208484878,
        0.195573606,
        0.191086832,
        0.192099092,
        0.188924119,
        0.205468013,
        0.21112930400000002,
        0.19243111100000002,
        0.19885090800000002,
        0.19169344200000002,
        0.20125505100000002,
        0.20117669000000002,
        0.22362244
      ],
      "memory_usage_byte": [
        3239936,
        3239936,
        3239936,
        3239936,
        3239936,
        3239936,
        3239936,
        3239936,
        3239936,
        3239936,
        3239936,
        3239936,
        3239936,
        3239936,
        3239936,
        3239936,
        3239936,
        3239936,
        3239936,
        3239936
      ],
      "exit_codes": [
        0,
        0,
        0,
        0,
        0,
        0,
        0,
        0,
        0,
        0,
        0,
        0,
        0,
        0,
        0,
        0,
        0,
        0,
        0,
        0
      ]
    }
  ]
}
