command,mean,stddev,median,user,system,min,max
bin/ackermann-c,0.11253758295000002,0.007147155269382655,0.1102761715,0.11012510000000002,0.0011485999999999998,0.10583374300000001,0.137876367
bin/ackermann-c-chacho,0.1105926599,0.005591582391213486,0.11017397150000001,0.10813615000000001,0.00114305,0.10485308900000001,0.130369751
bin/ackermann-mml,0.11260700285,0.005305429846851108,0.11251030000000001,0.11025565,0.001168,0.105743165,0.125381284
bin/ackermann-rs,0.13262376595,0.00612006857610374,0.13066798000000002,0.13017439999999997,0.0011743,0.124970018,0.144896783
bin/ackermann-go,0.19918215205,0.008937988080088272,0.19576815050000002,0.19570889999999996,0.0028642499999999996,0.188924119,0.22362244
