{
  "results": [
    {
      "command": "bin/euclidean-ext-c",
      "mean": 0.007193371940000001,
      "stddev": 0.00024187896286217628,
      "median": 0.007207401,
      "user": 0.004586599999999998,
      "system": 0.0013728599999999998,
      "min": 0.006734244,
      "max": 0.007954826,
      "times": [
        0.006743628000000001,
        0.007079143,
        0.007250826,
        0.007142676000000001,
        0.0072503870000000005,
        0.0074730560000000005,
        0.007371415,
        0.006835647,
        0.007001904000000001,
        0.007264164,
        0.007954826,
        0.007220641000000001,
        0.0072193000000000005,
        0.0077252630000000004,
        0.0071755460000000005,
        0.007147535000000001,
        0.007280933000000001,
        0.006855336,
        0.007025414000000001,
        0.007287256000000001,
        0.007415695000000001,
        0.007054996,
        0.006893889,
        0.007207884,
        0.007496366000000001,
        0.0070754170000000005,
        0.00729425,
        0.0071206,
        0.0072832750000000005,
        0.007100957000000001,
        0.006917719,
        0.007294332000000001,
        0.0073586960000000005,
        0.006966787,
        0.0071221470000000005,
        0.007478702,
        0.007413011000000001,
        0.007135008000000001,
        0.0072775800000000005,
        0.00728379,
        0.0069171680000000004,
        0.007499116,
        0.0072069180000000005,
        0.007530884000000001,
        0.006971075,
        0.007072733,
        0.007058307000000001,
        0.006734244,
        0.006841172,
        0.007340983000000001
      ],
      "memory_usage_byte": [
        675840,
        675840,
        675840,
        675840,
        675840,
        675840,
        675840,
        675840,
        675840,
        675840,
        675840,
        675840,
        675840,
        675840,
        675840,
        675840,
        675840,
        675840,
        675840,
        675840,
        675840,
        675840,
        675840,
        675840,
        675840,
        675840,
        675840,
        675840,
        675840,
        675840,
        675840,
        675840,
        675840,
        675840,
        675840,
        675840,
        675840,
        675840,
        675840,
        675840,
        675840,
        675840,
        675840,
        675840,
        675840,
        675840,
        675840,
        675840,
        675840,
        675840
      ],
      "exit_codes": [
        0,
        0,
        0,
        0,
        0,
        0,
        0,
        0,
        0,
        0,
        0,
        0,
        0,
        0,
        0,
        0,
        0,
        0,
        0,
        0,
        0,
        0,
        0,
        0,
        0,
        0,
        0,
        0,
        0,
        0,
        0,
        0,
        0,
        0,
        0,
        0,
        0,
        0,
        0,
        0,
        0,
        0,
        0,
        0,
        0,
        0,
        0,
        0,
        0,
        0
      ]
    },
    {
      "command": "bin/euclidean-ext-mml",
      "mean": 0.0086037027,
      "stddev": 0.000212451829022655,
      "median": 0.008586978000000002,
      "user": 0.00601344,
      "system": 0.00135422,
      "min": 0.008164355,
      "max": 0.009035575,
      "times": [
        0.008164355,
        0.008238658000000001,
        0.008565769,
        0.008586169000000001,
        0.008256595,
        0.00820263,
        0.008544304,
        0.00877378,
        0.008510927,
        0.008404429,
        0.008707988,
        0.008522859,
        0.008526875,
        0.008648912,
        0.008258076000000001,
        0.008467186,
        0.008892199,
        0.008567680000000001,
        0.008215079,
        0.008694013,
        0.008897002000000001,
        0.008635965,
        0.008807902000000001,
        0.008457077,
        0.008529658,
        0.008899955000000001,
        0.008802746,
        0.008823797000000001,
        0.008819089,
        0.008636516,
        0.008686835,
        0.008429524,
        0.008769975000000001,
        0.008587787000000001,
        0.008396583,
        0.009035575,
        0.008749024000000001,
        0.008463633,
        0.008627698000000001,
        0.008652662,
        0.008940201,
        0.00864445,
        0.008871914,
        0.008552167000000001,
        0.008444354000000001,
        0.009008239000000001,
        0.008659976,
        0.008548721,
        0.008505345000000001,
        0.008552282000000001
      ],
      "memory_usage_byte": [
        684032,
        684032,
        684032,
        684032,
        684032,
        684032,
        684032,
        684032,
        684032,
        684032,
        684032,
        684032,
        684032,
        684032,
        684032,
        684032,
        684032,
        684032,
        684032,
        684032,
        684032,
        684032,
        684032,
        684032,
        684032,
        684032,
        684032,
        684032,
        684032,
        684032,
        684032,
        684032,
        684032,
        684032,
        684032,
        684032,
        684032,
        684032,
        684032,
        684032,
        684032,
        684032,
        684032,
        684032,
        684032,
        684032,
        684032,
        684032,
        684032,
        684032
      ],
      "exit_codes": [
        0,
        0,
        0,
        0,
        0,
        0,
        0,
        0,
        0,
        0,
        0,
        0,
        0,
        0,
        0,
        0,
        0,
        0,
        0,
        0,
        0,
        0,
        0,
        0,
        0,
        0,
        0,
        0,
        0,
        0,
        0,
        0,
        0,
        0,
        0,
        0,
        0,
        0,
        0,
        0,
        0,
        0,
        0,
        0,
        0,
        0,
        0,
        0,
        0,
        0
      ]
    }
  ]
}
