command,mean,stddev,median,user,system,min,max
bin/euclidean-ext-c,0.007193371940000001,0.00024187896286217628,0.007207401,0.004586599999999998,0.0013728599999999998,0.006734244,0.007954826
bin/euclidean-ext-mml,0.0086037027,0.000212451829022655,0.008586978000000002,0.00601344,0.00135422,0.008164355,0.009035575
