{
  "results": [
    {
      "command": "bin/matmul-c",
      "mean": 0.3687738458800001,
      "stddev": 0.0013477575311905434,
      "median": 0.36840177100000004,
      "user": 0.36199743999999995,
      "system": 0.0048614999999999995,
      "min": 0.36747743400000005,
      "max": 0.376414584,
      "times": [
        0.367832926,
        0.368348563,
        0.369041184,
        0.36978416000000003,
        0.368859459,
        0.36854063200000003,
        0.369820284,
        0.369595012,
        0.36851674500000003,
        0.367944569,
        0.368363123,
        0.36825319900000003,
        0.367923429,
        0.36889842,
        0.36769378700000005,
        0.370660965,
        0.376414584,
        0.367880074,
        0.368897271,
        0.368063173,
        0.36942360100000005,
        0.36839839900000004,
        0.36802210300000004,
        0.368342023,
        0.36878075000000005,
        0.368457246,
        0.36895103900000004,
        0.36814886300000005,
        0.368167483,
        0.36898967400000005,
        0.368661195,
        0.368001334,
        0.369237806,
        0.367991039,
        0.369728178,
        0.36785257800000004,
        0.36840514300000005,
        0.36806017300000005,
        0.368303667,
        0.36764971300000004,
        0.368887479,
        0.36832878700000005,
        0.36747743400000005,
        0.369283428,
        0.368923013,
        0.36941127900000004,
        0.368166378,
        0.367811347,
        0.371377367,
        0.368122216
      ],
      "memory_usage_byte": [
        6701056,
        6701056,
        6701056,
        6701056,
        6701056,
        6701056,
        6701056,
        6701056,
        6701056,
        6701056,
        6701056,
        6701056,
        6701056,
        6701056,
        6701056,
        6701056,
        6701056,
        6701056,
        6701056,
        6701056,
        6701056,
        6701056,
        6701056,
        6701056,
        6701056,
        6701056,
        6701056,
        6701056,
        6701056,
        6701056,
        6701056,
        6701056,
        6701056,
        6701056,
        6701056,
        6701056,
        6701056,
        6701056,
        6701056,
        6701056,
        6701056,
        6701056,
        6701056,
        6701056,
        6701056,
        6701056,
        6701056,
        6701056,
        6701056,
        6701056
      ],
      "exit_codes": [
        0,
        0,
        0,
        0,
        0,
        0,
        0,
        0,
        0,
        0,
        0,
        0,
        0,
        0,
        0,
        0,
        0,
        0,
        0,
        0,
        0,
        0,
        0,
        0,
        0,
        0,
        0,
        0,
        0,
        0,
        0,
        0,
        0,
        0,
        0,
        0,
        0,
        0,
        0,
        0,
        0,
        0,
        0,
        0,
        0,
        0,
        0,
        0,
        0,
        0
      ]
    },
    {
      "command": "bin/matmul-restricted-c",
      "mean": 0.06342298147999999,
      "stddev": 0.0013759016811682738,
      "median": 0.06324089199999999,
      "user": 0.0576008,
      "system": 0.004205359999999999,
      "min": 0.060673934000000006,
      "max": 0.06670361500000001,
      "times": [
        0.063032432,
        0.063422649,
        0.06285212400000001,
        0.063132256,
        0.062225562000000005,
        0.063232465,
        0.062214118000000006,
        0.06251624800000001,
        0.062825834,
        0.06236068300000001,
        0.063546157,
        0.06590019,
        0.066441626,
        0.063856984,
        0.062704312,
        0.06174807,
        0.060673934000000006,
        0.064846606,
        0.06449898500000001,
        0.063357488,
        0.062539211,
        0.061396336,
        0.062001761,
        0.065892691,
        0.061563277000000007,
        0.062049992000000005,
        0.066351119,
        0.062158258,
        0.06494582900000001,
        0.06409374400000001,
        0.062209255000000005,
        0.063349004,
        0.063825273,
        0.063750243,
        0.062063608000000006,
        0.06427289,
        0.063249319,
        0.064725026,
        0.063149412,
        0.064324829,
        0.062737812,
        0.06329504100000001,
        0.062377709,
        0.064904473,
        0.06670361500000001,
        0.06520642,
        0.06351224,
        0.06255625000000001,
        0.063868372,
        0.06268734200000001
      ],
      "memory_usage_byte": [
        6701056,
        6701056,
        6701056,
        6701056,
        6701056,
        6701056,
        6701056,
        6701056,
        6701056,
        6701056,
        6701056,
        6701056,
        6701056,
        6701056,
        6701056,
        6701056,
        6701056,
        6701056,
        6701056,
        6701056,
        6701056,
        6701056,
        6701056,
        6701056,
        6701056,
        6701056,
        6701056,
        6701056,
        6701056,
        6701056,
        6701056,
        6701056,
        6733824,
        6733824,
        6733824,
        6733824,
        6733824,
        6733824,
        6733824,
        6733824,
        6733824,
        6733824,
        6733824,
        6733824,
        6733824,
        6733824,
        6733824,
        6733824,
        6733824,
        6733824
      ],
      "exit_codes": [
        0,
        0,
        0,
        0,
        0,
        0,
        0,
        0,
        0,
        0,
        0,
        0,
        0,
        0,
        0,
        0,
        0,
        0,
        0,
        0,
        0,
        0,
        0,
        0,
        0,
        0,
        0,
        0,
        0,
        0,
        0,
        0,
        0,
        0,
        0,
        0,
        0,
        0,
        0,
        0,
        0,
        0,
        0,
        0,
        0,
        0,
        0,
        0,
        0,
        0
      ]
    },
    {
      "command": "bin/matmul-mml",
      "mean": 0.15173256296000004,
      "stddev": 0.000600618999089357,
      "median": 0.15181824500000002,
      "user": 0.14599121999999995,
      "system": 0.003955619999999999,
      "min": 0.150642129,
      "max": 0.153459687,
      "times": [
        0.151204121,
        0.151882752,
        0.152248937,
        0.151174207,
        0.151636826,
        0.151845734,
        0.151262654,
        0.150950356,
        0.15216880500000002,
        0.153459687,
        0.151067055,
        0.15100947,
        0.151578332,
        0.15191034,
        0.15137276400000002,
        0.15222228100000001,
        0.15197828500000002,
        0.152166546,
        0.15113169,
        0.152059741,
        0.152153554,
        0.153182432,
        0.151826402,
        0.151594538,
        0.15116121000000002,
        0.151875812,
        0.150958497,
        0.151567229,
        0.152408657,
        0.15114080500000002,
        0.15166643600000002,
        0.15113848700000002,
        0.151834107,
        0.15266542100000002,
        0.153023719,
        0.151899702,
        0.151810088,
        0.151844224,
        0.150642129,
        0.15136342,
        0.151273288,
        0.152461214,
        0.152092807,
        0.15198292200000002,
        0.150935437,
        0.151285942,
        0.151224579,
        0.151341904,
        0.151935344,
        0.152007259
      ],