command,mean,stddev,median,user,system,min,max
bin/matmul-c,0.24450499907999998,0.010565051713448584,0.24203574500000002,0.2387116,0.0037956399999999994,0.229342969,0.268609957
bin/matmul-opt-c,0.044490687400000006,0.0030413728567772738,0.045217151500000004,0.03979027999999998,0.0033853000000000004,0.037848934,0.049265577000000005
bin/matmul-restricted-c,0.04443722878,0.002384251092842622,0.044457566000000004,0.03988875999999999,0.003242039999999999,0.039672783,0.053358138000000006
bin/matmul-mml,0.09961126520000001,0.007051418984548989,0.09751256300000001,0.09467882000000005,0.0028813600000000008,0.09264541200000001,0.13336303100000002
bin/matmul-opt-mml,0.07017387623999999,0.0044024046427766274,0.0685188365,0.06575990000000002,0.0028971,0.063560789,0.07944772800000001
bin/matmul-go,0.16929411355999996,0.008841469944968714,0.1675080575,0.16389446,0.004778179999999999,0.158563066,0.194901777
bin/matmul-bce-go,0.2545006974800001,0.013411281927717077,0.251005733,0.24837146000000002,0.005296360000000001,0.227345932,0.286227465
bin/matmul-opt-go,0.09432565854000002,0.005962840636711252,0.09263816650000001,0.08896803999999997,0.004597619999999999,0.085446272,0.11715153700000001
