command,mean,stddev,median,user,system,min,max
bin/matmul-c,0.3687738458800001,0.0013477575311905434,0.36840177100000004,0.36199743999999995,0.0048614999999999995,0.36747743400000005,0.376414584
bin/matmul-restricted-c,0.06342298147999999,0.0013759016811682738,0.06324089199999999,0.0576008,0.004205359999999999,0.060673934000000006,0.06670361500000001
bin/matmul-mml,0.15173256296000004,0.000600618999089357,0.15181824500000002,0.14599121999999995,0.003955619999999999,0.150642129,0.153459687
bin/matmul-opt-mml,0.10384279876000001,0.0035609151736378944,0.1023786725,0.09826605999999999,0.0037672999999999986,0.100633529,0.115745676
bin/matmul-go,0.25438893488000003,0.0016214978718688408,0.25440226200000005,0.24768056000000002,0.006162620000000001,0.251225364,0.25880340900000004
bin/matmul-hoisted-go,0.34490986316,0.0020236308123405956,0.34478972350000003,0.33804175999999997,0.0064919600000000015,0.340736621,0.351783222
