{
  "results": [
    {
      "command": "bin/nqueens-c",
      "mean": 0.13175326885,
      "stddev": 0.0004031185629200993,
      "median": 0.1316021125,
      "user": 0.12882345,
      "system": 0.00152835,
      "min": 0.131250632,
      "max": 0.13263718200000002,
      "times": [
        0.131545787,
        0.13166923900000002,
        0.132305544,
        0.131459698,
        0.13147239600000002,
        0.131864699,
        0.131250632,
        0.131393761,
        0.131410685,
        0.132628521,
        0.13167183500000001,
        0.132062486,
        0.132054688,
        0.131641264,
        0.131487879,
        0.13197835100000002,
        0.131495398,
        0.13263718200000002,
        0.131472371,
        0.131562961
      ],
      "memory_usage_byte": [
        675840,
        675840,
        675840,
        675840,
        675840,
        675840,
        675840,
        675840,
        675840,
        675840,
        675840,
        675840,
        675840,
        675840,
        675840,
        675840,
        675840,
        675840,
        675840,
        675840
      ],
      "exit_codes": [
        0,
        0,
        0,
        0,
        0,
        0,
        0,
        0,
        0,
        0,
        0,
        0,
        0,
        0,
        0,
        0,
        0,
        0,
        0,
        0
      ]
    },
    {
      "command": "bin/nqueens-mml",
      "mean": 0.21778164919999998,
      "stddev": 0.0005122572291194301,
      "median": 0.21763361650000002,
      "user": 0.21466654999999996,
      "system": 0.0015921499999999999,
      "min": 0.21714424200000002,
      "max": 0.219458528,
      "times": [
        0.21795016,
        0.21796417,
        0.217394845,
        0.217682181,
        0.217401694,
        0.217988274,
        0.21741842500000003,
        0.218358096,
        0.21791806200000002,
        0.217405859,
        0.217855076,
        0.217403964,
        0.217438394,
        0.21747012200000002,
        0.21827923600000002,
        0.219458528,
        0.217552199,
        0.21714424200000002,
        0.217585052,
        0.217964405
      ],
      "memory_usage_byte": [
        679936,
        679936,
        679936,
        679936,
        679936,
        679936,
        679936,
        679936,
        679936,
        679936,
        679936,
        679936,
        679936,
        679936,
        679936,
        679936,
        679936,
        679936,
        679936,
        679936
      ],
      "exit_codes": [
        0,
        0,
        0,
        0,
        0,
        0,
        0,
        0,
        0,
        0,
        0,
        0,
        0,
        0,
        0,
        0,
        0,
        0,
        0,
        0
      ]
    }
  ]
}
