command,mean,stddev,median,user,system,min,max
bin/nqueens-c,0.13175326885,0.0004031185629200993,0.1316021125,0.12882345,0.00152835,0.131250632,0.13263718200000002
bin/nqueens-mml,0.21778164919999998,0.0005122572291194301,0.21763361650000002,0.21466654999999996,0.0015921499999999999,0.21714424200000002,0.219458528
