command,mean,stddev,median,user,system,min,max
bin/quicksort-c,0.10979522896000002,0.0007717161945200118,0.109554145,0.10307438,0.00491686,0.108811793,0.11182317200000001
bin/quicksort-mml,0.10817529256000002,0.0006610837488568439,0.10796658950000002,0.10210789999999996,0.0041646800000000005,0.10715827700000001,0.110079433
