{
  "results": [
    {
      "command": "bin/quicksort-c",
      "mean": 0.10979522896000002,
      "stddev": 0.0007717161945200118,
      "median": 0.109554145,
      "user": 0.10307438,
      "system": 0.00491686,
      "min": 0.108811793,
      "max": 0.11182317200000001,
      "times": [
        0.10906488800000001,
        0.109068596,
        0.10917679200000001,
        0.11092387000000001,
        0.108811793,
        0.11061338100000001,
        0.10976179800000001,
        0.110389974,
        0.109160828,
        0.10920700200000001,
        0.11070779400000001,
        0.110158347,
        0.110681499,
        0.109203433,
        0.110694262,
        0.10927051900000001,
        0.10995080300000001,
        0.110618609,
        0.10982187500000001,
        0.109023538,
        0.11022556300000001,
        0.109084102,
        0.10967557700000001,
        0.110089265,
        0.109345987,
        0.11182317200000001,
        0.110367507,
        0.10891632300000001,
        0.11106089400000001,
        0.109121647,
        0.109621096,
        0.10920806400000001,
        0.109543017,
        0.11148632600000001,
        0.11095081700000001,
        0.11045408000000001,
        0.111321127,
        0.109238715,
        0.10939389100000001,
        0.109565273,
        0.10917455000000001,
        0.109572216,
        0.109309812,
        0.10976302600000001,
        0.10934194700000001,
        0.109248221,
        0.109243804,
        0.10906383600000001,
        0.108860418,
        0.10938157400000001
      ],
      "memory_usage_byte": [
        8769536,
        8769536,
        8769536,
        8769536,
        8769536,
        8769536,
        8769536,
        8769536,
        8769536,
        8769536,
        8769536,
        8769536,
        8769536,
        8769536,
        8769536,
        8769536,
        8769536,
        8769536,
        8769536,
        8769536,
        8769536,
        8769536,
        8769536,
        8769536,
        8769536,
        8769536,
        8769536,
        8769536,
        8769536,
        8769536,
        8769536,
        8769536,
        8769536,
        8769536,
        8769536,
        8769536,
        8769536,
        8769536,
        8769536,
        8769536,
        8769536,
        8769536,
        8769536,
        8769536,
        8769536,
        8769536,
        8769536,
        8769536,
        8769536,
        8769536
      ],
      "exit_codes": [
        0,
        0,
        0,
        0,
        0,
        0,
        0,
        0,
        0,
        0,
        0,
        0,
        0,
        0,
        0,
        0,
        0,
        0,
        0,
        0,
        0,
        0,
        0,
        0,
        0,
        0,
        0,
        0,
        0,
        0,
        0,
        0,
        0,
        0,
        0,
        0,
        0,
        0,
        0,
        0,
        0,
        0,
        0,
        0,
        0,
        0,
        0,
        0,
        0,
        0
      ]
    },
    {
      "command": "bin/quicksort-mml",
      "mean": 0.10817529256000002,
      "stddev": 0.0006610837488568439,
      "median": 0.10796658950000002,
      "user": 0.10210789999999996,
      "system": 0.0041646800000000005,
      "min": 0.10715827700000001,
      "max": 0.110079433,
      "times": [
        0.10796746500000001,
        0.10897074600000001,
        0.10749090300000001,
        0.10715827700000001,
        0.107534032,
        0.107804538,
        0.107332482,
        0.108412906,
        0.10915846000000001,
        0.10844184100000001,
        0.10782687,
        0.108479952,
        0.107500627,
        0.107259829,
        0.10803132200000001,
        0.10774388300000001,
        0.10743764500000001,
        0.108506556,
        0.108723965,
        0.10905898300000001,
        0.10785696700000001,
        0.107827659,
        0.107965714,
        0.10828219600000001,
        0.108653118,
        0.10847467300000001,
        0.10897473,
        0.10823850800000001,
        0.109642706,
        0.10789457300000001,
        0.108259226,
        0.107682446,
        0.1089404,
        0.10774125200000001,
        0.10788478200000001,
        0.10870745000000001,
        0.107936133,
        0.107615075,
        0.107497149,
        0.109501133,
        0.110079433,
        0.10780031100000001,
        0.107436451,
        0.109150646,
        0.108428013,
        0.10813196900000001,
        0.108158418,
        0.107849836,
        0.10759516400000001,
        0.107717215
      ],
      "memory_usage_byte": [
        8769536,
        8769536,
        8769536,
        8769536,
        8769536,
        8769536,
        8769536,
        8769536,
        8769536,
        8769536,
        8769536,
        8769536,
        8769536,
        8769536,
        8769536,
        8769536,
        8769536,
        8769536,
        8769536,
        8769536,
        8769536,
        8769536,
        8769536,
        8769536,
        8769536,
        8769536,
        8769536,
        8769536,
        8769536,
        8769536,
        8769536,
        8769536,
        8769536,
        8769536,
        8769536,
        8769536,
        8769536,
        8769536,
        8769536,
        8769536,
        8769536,
        8769536,
        8769536,
        8769536,
        8769536,
        8769536,
        8769536,
        8769536,
        8769536,
        8769536
      ],
      "exit_codes": [
        0,
        0,
        0,
        0,
        0,
        0,
        0,
        0,
        0,
        0,
        0,
        0,
        0,
        0,
        0,
        0,
        0,
        0,
        0,
        0,
        0,
        0,
        0,
        0,
        0,
        0,
        0,
        0,
        0,
        0,
        0,
        0,
        0,
        0,
        0,
        0,
        0,
        0,
        0,
        0,
        0,
        0,
        0,
        0,
        0,
        0,
        0,
        0,
        0,
        0
      ]
    }
  ]
}
