command,mean,stddev,median,user,system,min,max
bin/matmul-mml-O0-tco,0.15915573386399992,0.007158682421012624,0.15821938900000002,0.153163164,0.003934236000000001,0.155702041,0.256340008
bin/matmul-mml-O0-no-tco,1.2545225791319994,0.25409341673023017,1.4224262859999999,1.2408577200000002,0.006283085999999995,0.84919301,1.636183642
bin/matmul-mml-O1-tco,0.10286214580399998,0.008067659476555552,0.102025555,0.09751227599999994,0.0029591539999999986,0.08928193300000001,0.16887543900000002
bin/matmul-mml-O1-no-tco,0.1083672250240001,0.018929006965151467,0.1052419665,0.10238000800000005,0.0030196159999999975,0.090465717,0.30714633
bin/matmul-mml-O2-tco,0.09642959843799996,0.010239249166812847,0.09368504250000001,0.09170774800000005,0.002632074000000003,0.086703218,0.191198697
bin/matmul-mml-O2-no-tco,0.09762940819199992,0.010693178615708907,0.09545674850000001,0.09292058800000003,0.002661300000000002,0.086314339,0.174711577
bin/matmul-mml-O3-tco,0.09533797562399997,0.019375075595294968,0.09110079400000001,0.09075053400000002,0.0025609279999999996,0.085974085,0.46284091200000005
bin/matmul-mml-O3-no-tco,0.09484291965800008,0.005834257082318889,0.09299043850000001,0.09082921200000012,0.0025768360000000025,0.08641193400000001,0.12571083500000002
