command,mean,stddev,median,user,system,min,max
bin/matmul-opt-mml-O0-tco,0.08475108493399999,0.004047719980628032,0.0838421245,0.08074706999999996,0.002593892000000003,0.078788885,0.10626305200000001
bin/matmul-opt-mml-O0-no-tco,0.851641749832,0.05279090617175073,0.8313089315,0.8415306639999989,0.0046750459999999995,0.7855834180000001,1.164059656
bin/matmul-opt-mml-O1-tco,0.06761986951200002,0.003798178990929683,0.0669649645,0.06326796599999997,0.0028080960000000017,0.061692717,0.10326140900000001
bin/matmul-opt-mml-O1-no-tco,0.074221653984,0.005481543550313781,0.0737705635,0.07029019200000002,0.00249634,0.06659912,0.123082486
bin/matmul-opt-mml-O2-tco,0.06831162807999996,0.004071558231482882,0.0676046005,0.06438510399999994,0.002560224,0.061940052,0.08955212900000001
bin/matmul-opt-mml-O2-no-tco,0.06851760236999999,0.003972903899009402,0.06803992950000001,0.064557034,0.002573029999999998,0.06180775300000001,0.08690452100000001
bin/matmul-opt-mml-O3-tco,0.06766829223199995,0.0046080069576493405,0.0672864685,0.06361245400000001,0.002643218000000003,0.06023169900000001,0.084622157
bin/matmul-opt-mml-O3-no-tco,0.067351295082,0.004432319254975688,0.0669749375,0.06334420200000002,0.002607959999999999,0.060066872,0.090145871
