command,mean,stddev,median,user,system,min,max
bin/sieve-mml-O0-tco,0.009486541466000007,0.0004069646949223081,0.0094310105,0.005262071999999999,0.0026748359999999994,0.008431478000000001,0.011472378
bin/sieve-mml-O0-no-tco,0.03362538730400004,0.002096583911176821,0.0328844225,0.02606762399999998,0.005522517999999999,0.031139678,0.040085522000000005
bin/sieve-mml-O1-tco,0.009403684895999995,0.0003947214169414549,0.009355811500000002,0.005215693999999996,0.0026399140000000015,0.008327354,0.011339282000000001
bin/sieve-mml-O1-no-tco,0.009396840209999998,0.00038679596868701065,0.009365926,0.005195576000000002,0.0026564260000000004,0.008498557,0.010857021000000001
bin/sieve-mml-O2-tco,0.009348309883999999,0.00042397532028736314,0.009281994000000002,0.005113786,0.002686793999999998,0.008509878,0.011540621000000001
bin/sieve-mml-O2-no-tco,0.009311735316000002,0.00039397628161215263,0.009248929500000001,0.005100466000000001,0.002667562000000001,0.008442571000000001,0.011175288
bin/sieve-mml-O3-tco,0.009318870016000002,0.00038506145887870345,0.009239857,0.005108624000000001,0.0026655979999999986,0.008425121,0.011108549
bin/sieve-mml-O3-no-tco,0.009391628233999994,0.0003971709771626671,0.009331384500000001,0.005136810000000008,0.0026958040000000048,0.008512750000000001,0.011040021
