command,mean,stddev,median,user,system,min,max
bin/sieve-c,0.009314341896000009,0.0004212456587619969,0.009235208500000001,0.004793494,0.0030595159999999995,0.008325303000000001,0.011279216
bin/sieve-mml,0.009369376692000003,0.0004572429589252552,0.009301662500000002,0.005162049999999999,0.002704269999999999,0.008320529,0.011699104
bin/sieve-rs,0.009840565289999997,0.000425735791870024,0.009763065500000001,0.005352540000000003,0.003044460000000003,0.008960476,0.011876058
bin/sieve-go,0.012343604401999995,0.000437652238569866,0.012287401,0.007386699999999999,0.004601994000000002,0.011305382000000001,0.014205431000000001
