command,mean,stddev,median,user,system,min,max
bin/ackermann-c,0.12087620870000002,0.005388368050761745,0.119336913,0.11839385,0.0012827000000000001,0.113650844,0.13406220200000002
bin/ackermann-c-chacho,0.12242058645000001,0.0058229659822851216,0.12083813000000002,0.11898004999999998,0.0013476499999999997,0.117177284,0.142738372
bin/ackermann-mml,0.14769736280000004,0.004624652645112727,0.14598363050000002,0.14481005000000002,0.0014359999999999998,0.143540782,0.162489255
bin/ackermann-rs,0.17690249985000003,0.007973630701466772,0.17549344,0.17357039999999996,0.00161045,0.166254376,0.196785873
bin/ackermann-go,0.21678463615000002,0.007048780023682579,0.21499561300000003,0.21198615000000004,0.00326595,0.209725774,0.236449122
