{
  "results": [
    {
      "command": "bin/ackermann-c",
      "mean": 0.12087620870000002,
      "stddev": 0.005388368050761745,
      "median": 0.119336913,
      "user": 0.11839385,
      "system": 0.0012827000000000001,
      "min": 0.113650844,
      "max": 0.13406220200000002,
      "times": [
        0.11842902000000001,
        0.12918316300000002,
        0.11769409,
        0.11761911800000001,
        0.13406220200000002,
        0.12292921500000001,
        0.11723768300000001,
        0.119211863,
        0.126107151,
        0.126624797,
        0.12020095,
        0.11989564600000001,
        0.127958301,
        0.12211082200000001,
        0.113650844,
        0.11659247900000001,
        0.11871035,
        0.115221978,
        0.119461963,
        0.11462253900000001
      ],
      "memory_usage_byte": [
        778240,
        778240,
        778240,
        778240,
        778240,
        778240,
        778240,
        778240,
        778240,
        778240,
        778240,
        778240,
        778240,
        778240,
        778240,
        778240,
        778240,
        778240,
        778240,
        778240
      ],
      "exit_codes": [
        0,
        0,
        0,
        0,
        0,
        0,
        0,
        0,
        0,
        0,
        0,
        0,
        0,
        0,
        0,
        0,
        0,
        0,
        0,
        0
      ]
    },
    {
      "command": "bin/ackermann-c-chacho",
      "mean": 0.12242058645000001,
      "stddev": 0.0058229659822851216,
      "median": 0.12083813000000002,
      "user": 0.11898004999999998,
      "system": 0.0013476499999999997,
      "min": 0.117177284,
      "max": 0.142738372,
      "times": [
        0.119370838,
        0.118290802,
        0.12437026100000001,
        0.121290305,
        0.118664975,
        0.11912014500000001,
        0.121929957,
        0.11981514500000001,
        0.120666299,
        0.12963660300000002,
        0.12763143600000001,
        0.11870095300000001,
        0.12100996100000001,
        0.11984604500000001,
        0.121257131,
        0.11830231100000001,
        0.12202061,
        0.142738372,
        0.126572296,
        0.117177284
      ],
      "memory_usage_byte": [
        778240,
        778240,
        778240,
        778240,
        778240,
        778240,
        778240,
        778240,
        778240,
        778240,
        778240,
        778240,
        778240,
        778240,
        778240,
        778240,
        778240,
        778240,
        778240,
        778240
      ],
      "exit_codes": [
        0,
        0,
        0,
        0,
        0,
        0,
        0,
        0,
        0,
        0,
        0,
        0,
        0,
        0,
        0,
        0,
        0,
        0,
        0,
        0
      ]
    },
    {
      "command": "bin/ackermann-mml",
      "mean": 0.14769736280000004,
      "stddev": 0.004624652645112727,
      "median": 0.14598363050000002,
      "user": 0.14481005000000002,
      "system": 0.0014359999999999998,
      "min": 0.143540782,
      "max": 0.162489255,
      "times": [
        0.14570713500000002,
        0.162489255,
        0.14901624700000002,
        0.148216651,
        0.14380783800000002,
        0.148969145,
        0.1466002,
        0.14484749800000002,
        0.145153464,
        0.145504402,
        0.14533589700000002,
        0.143540782,
        0.151744444,
        0.14626012600000002,
        0.144426945,
        0.143548222,
        0.15008574400000002,
        0.145086346,
        0.148009528,
        0.155597387
      ],
      "memory_usage_byte": [
        782336,
        786432,
        786432,
        786432,
        786432,
        786432,
        811008,
        811008,
        811008,
        811008,
        811008,
        811008,
        811008,
        811008,
        811008,
        811008,
        811008,
        811008,
        811008,
        811008
      ],
      "exit_codes": [
        0,
        0,
        0,
        0,
        0,
        0,
        0,
        0,
        0,
        0,
        0,
        0,
        0,
        0,
        0,
        0,
        0,
        0,
        0,
        0
      ]
    },
    {
      "command": "bin/ackermann-rs",
      "mean": 0.17690249985000003,
      "stddev": 0.007973630701466772,
      "median": 0.17549344,
      "user": 0.17357039999999996,
      "system": 0.00161045,
      "min": 0.166254376,
      "max": 0.196785873,
      "times": [
        0.16956416700000002,
        0.16829770200000002,
        0.166254376,
        0.166985813,
        0.17448948,
        0.17925607100000002,
        0.196785873,
        0.19482379900000002,
        0.179934113,
        0.179937072,
        0.183356491,
        0.174049315,
        0.17158793700000002,
        0.174102592,
        0.172620442,
        0.175059623,
        0.178926422,
        0.175927257,
        0.17619842300000002,
        0.179893029
      ],
      "memory_usage_byte": [
        1007616,
        1007616,
        1007616,
        1007616,
        1007616,
        1007616,
        1007616,
        1007616,
        1007616,
        1007616,
        1007616,
        1007616,
        1007616,
        1007616,
        1007616,
        1007616,
        1007616,
        1007616,
        1007616,
        1007616
      ],
      "exit_codes": [
        0,
        0,
        0,
        0,
        0,
        0,
        0,
        0,
        0,
        0,
        0,
        0,
        0,
        0,
        0,
        0,
        0,
        0,
        0,
        0
      ]
    },
    {
      "command": "bin/ackermann-go",
      "mean": 0.21678463615000002,
      "stddev": 0.007048780023682579,
      "median": 0.21499561300000003,
      "user": 0.21198615000000004,
      "system": 0.00326595,
      "min": 0.209725774,
      "max": 0.236449122,
      "times": [
        0.211545276,
        0.212978735,
        0.21109855200000002,
        0.21686280700000002,
        0.21867670900000002,
        0.21445567000000001,
        0.21726752300000002,
        0.225672376,
        0.236449122,
        0.21516944600000001,
        0.21063531900000002,
        0.21482178000000002,
        0.21021457500000001,
        0.218190516,
        0.211438807,
        0.214717706,
        0.218706275,
        0.21553411700000003,
        0.231531638,
        0.209725774
      ],
      "memory_usage_byte": [
        3264512,
        3264512,
        3264512,
        3264512,
        3264512,
        3264512,
        3264512,
        3264512,
        3264512,
        3264512,
        3264512,
        3264512,
        3264512,
        3264512,
        3264512,
        3264512,
        3264512,
        3264512,
        3264512,
        3264512
      ],
      "exit_codes": [
        0,
        0,
        0,
        0,
        0,
        0,
        0,
        0,
        0,
        0,
        0,
        0,
        0,
        0,
        0,
        0,
        0,
        0,
        0,
        0
      ]
    }
  ]
}
