command,mean,stddev,median,user,system,min,max
bin/euclidean-ext-c,0.004983068780000001,0.00042810211585780585,0.004941237,0.00317736,0.0009496199999999999,0.004087623,0.006945792
bin/euclidean-ext-mml,0.00538740768,0.0003666701942605076,0.0053326285000000005,0.003487099999999999,0.0010292,0.004396349,0.006619347
