{
  "results": [
    {
      "command": "bin/euclidean-ext-c",
      "mean": 0.004983068780000001,
      "stddev": 0.00042810211585780585,
      "median": 0.004941237,
      "user": 0.00317736,
      "system": 0.0009496199999999999,
      "min": 0.004087623,
      "max": 0.006945792,
      "times": [
        0.0059628170000000005,
        0.006945792,
        0.0053895950000000005,
        0.005111564000000001,
        0.004945749,
        0.004907512,
        0.004963271,
        0.0048653540000000006,
        0.004783204,
        0.005250862,
        0.005278681,
        0.0052218030000000006,
        0.005262252,
        0.005076103,
        0.0049737850000000005,
        0.005314248000000001,
        0.005059499,
        0.0049267,
        0.004918544,
        0.0049885680000000005,
        0.0048892480000000006,
        0.005029701,
        0.005224213,
        0.004975112,
        0.004840291,
        0.004524717,
        0.004155148,
        0.004087623,
        0.004571493,
        0.004679026,
        0.004632678,
        0.004793686,
        0.00482544,
        0.004390215,
        0.004923167,
        0.004613954,
        0.0053688270000000005,
        0.0049411360000000005,
        0.004902662,
        0.004902592,
        0.004950929000000001,
        0.005057571,
        0.004988931,
        0.005132301000000001,
        0.004941338,
        0.004874665,
        0.00554637,
        0.004912264,
        0.004818879,
        0.004513359000000001
      ],
      "memory_usage_byte": [
        671744,
        671744,
        671744,
        671744,
        671744,
        671744,
        671744,
        671744,
        671744,
        671744,
        671744,
        671744,
        671744,
        671744,
        671744,
        671744,
        671744,
        671744,
        671744,
        671744,
        671744,
        671744,
        671744,
        671744,
        671744,
        671744,
        671744,
        671744,
        671744,
        671744,
        671744,
        671744,
        671744,
        671744,
        671744,
        671744,
        671744,
        671744,
        671744,
        671744,
        671744,
        671744,
        671744,
        671744,
        671744,
        671744,
        671744,
        671744,
        671744,
        671744
      ],
      "exit_codes": [
        0,
        0,
        0,
        0,
        0,
        0,
        0,
        0,
        0,
        0,
        0,
        0,
        0,
        0,
        0,
        0,
        0,
        0,
        0,
        0,
        0,
        0,
        0,
        0,
        0,
        0,
        0,
        0,
        0,
        0,
        0,
        0,
        0,
        0,
        0,
        0,
        0,
        0,
        0,
        0,
        0,
        0,
        0,
        0,
        0,
        0,
        0,
        0,
        0,
        0
      ]
    },
    {
      "command": "bin/euclidean-ext-mml",
      "mean": 0.00538740768,
      "stddev": 0.0003666701942605076,
      "median": 0.0053326285000000005,
      "user": 0.003487099999999999,
      "system": 0.0010292,
      "min": 0.004396349,
      "max": 0.006619347,
      "times": [
        0.0047442610000000005,
        0.004396349,
        0.00562965,
        0.0058401650000000005,
        0.005402036000000001,
        0.0052720910000000005,
        0.005517473,
        0.005084157000000001,
        0.005222626,
        0.005168802,
        0.005195105,
        0.005321697,
        0.006335554,
        0.005724359,
        0.0054852040000000005,
        0.005617998000000001,
        0.0051347350000000005,
        0.005213027,
        0.005175615000000001,
        0.005253982,
        0.005339509,
        0.005170229,
        0.005225197,
        0.005742459,
        0.005159698,
        0.005058494,
        0.005157912000000001,
        0.005498299000000001,
        0.005379561000000001,
        0.005560772,
        0.0051736510000000005,
        0.006097592000000001,
        0.005540645,
        0.005459116,
        0.005337217,
        0.005307183,
        0.00532804,
        0.00538861,
        0.0051649600000000006,
        0.0055404040000000005,
        0.005357202,
        0.005125692,
        0.005387028,
        0.005136837,
        0.005046761,
        0.005196178,
        0.005714518,
        0.005381458,
        0.006619347,
        0.0060409290000000004
      ],
      "memory_usage_byte": [
        679936,
        679936,
        679936,
        679936,
        679936,
        679936,
        679936,
        679936,
        679936,
        679936,
        679936,
        679936,
        679936,
        679936,
        679936,
        679936,
        679936,
        679936,
        679936,
        679936,
        679936,
        679936,
        679936,
        679936,
        679936,
        679936,
        679936,
        679936,
        679936,
        679936,
        679936,
        684032,
        684032,
        684032,
        684032,
        684032,
        684032,
        684032,
        684032,
        684032,
        684032,
        684032,
        684032,
        684032,
        684032,
        684032,
        684032,
        684032,
        684032,
        684032
      ],
      "exit_codes": [
        0,
        0,
        0,
        0,
        0,
        0,
        0,
        0,
        0,
        0,
        0,
        0,
        0,
        0,
        0,
        0,
        0,
        0,
        0,
        0,
        0,
        0,
        0,
        0,
        0,
        0,
        0,
        0,
        0,
        0,
        0,
        0,
        0,
        0,
        0,
        0,
        0,
        0,
        0,
        0,
        0,
        0,
        0,
        0,
        0,
        0,
        0,
        0,
        0,
        0
      ]
    }
  ]
}
