command,mean,stddev,median,user,system,min,max
bin/matmul-c,0.25319133890000006,0.011055577352338013,0.25020226900000003,0.24680552,0.0042537799999999995,0.23815645000000002,0.290771865
bin/matmul-opt-c,0.04762378185999999,0.0037972197686280203,0.0473889885,0.04244162,0.0037165800000000006,0.041329004,0.06677092800000001
bin/matmul-restricted-c,0.047120834920000014,0.00443391773818327,0.045861465000000004,0.04169515999999999,0.003822039999999999,0.040963702000000005,0.064338904
bin/matmul-mml,0.25320662782,0.006378424524451592,0.25275170700000005,0.24684661999999996,0.00423446,0.241344577,0.274199225
bin/matmul-opt-mml,0.047681507100000006,0.0016691946581506984,0.047921765500000005,0.04223597999999999,0.003944100000000001,0.043511137000000005,0.053131032
bin/matmul-go,0.17653081937999995,0.006779204710603155,0.174132683,0.17013409999999995,0.005320039999999998,0.16955223900000002,0.195642417
bin/matmul-bce-go,0.24917627021999997,0.006505826538618575,0.24731197650000003,0.24267512000000002,0.0055969,0.24130633,0.27157758800000004
bin/matmul-opt-go,0.09484842230000001,0.002449513153854257,0.09454582050000002,0.08952675999999997,0.0049827399999999985,0.090873438,0.102124342
