{
  "results": [
    {
      "command": "bin/nqueens-c",
      "mean": 0.09173695325,
      "stddev": 0.004231683470602549,
      "median": 0.090810521,
      "user": 0.08831305,
      "system": 0.0013399999999999998,
      "min": 0.08663795,
      "max": 0.10107705900000001,
      "times": [
        0.096192464,
        0.09160737000000001,
        0.09016690200000001,
        0.088051402,
        0.088073038,
        0.090890651,
        0.08663795,
        0.096382963,
        0.09073039100000001,
        0.08892662300000001,
        0.08792725000000001,
        0.10107705900000001,
        0.09830358,
        0.094238711,
        0.092179623,
        0.091347097,
        0.08957386,
        0.086858897,
        0.097862316,
        0.087710918
      ],
      "memory_usage_byte": [
        671744,
        671744,
        671744,
        671744,
        671744,
        671744,
        671744,
        671744,
        671744,
        671744,
        671744,
        671744,
        671744,
        671744,
        671744,
        671744,
        671744,
        671744,
        671744,
        671744
      ],
      "exit_codes": [
        0,
        0,
        0,
        0,
        0,
        0,
        0,
        0,
        0,
        0,
        0,
        0,
        0,
        0,
        0,
        0,
        0,
        0,
        0,
        0
      ]
    },
    {
      "command": "bin/nqueens-go",
      "mean": 0.14591053495,
      "stddev": 0.004910088752527076,
      "median": 0.14411300700000002,
      "user": 0.14243885,
      "system": 0.0026650999999999997,
      "min": 0.139557228,
      "max": 0.15683423900000001,
      "times": [
        0.1433295,
        0.149703054,
        0.14484153600000002,
        0.14699794000000002,
        0.14119485,
        0.15683423900000001,
        0.143175519,
        0.142918066,
        0.139557228,
        0.148308236,
        0.142390084,
        0.142117629,
        0.149891985,
        0.144686911,
        0.143573228,
        0.155869065,
        0.14302884000000002,
        0.141806814,
        0.144652786,
        0.153333189
      ],
      "memory_usage_byte": [
        2363392,
        2363392,
        2363392,
        2363392,
        2363392,
        2363392,
        2363392,
        2441216,
        2441216,
        2441216,
        2441216,
        2441216,
        2441216,
        2441216,
        2441216,
        2441216,
        2441216,
        2441216,
        2441216,
        2441216
      ],
      "exit_codes": [
        0,
        0,
        0,
        0,
        0,
        0,
        0,
        0,
        0,
        0,
        0,
        0,
        0,
        0,
        0,
        0,
        0,
        0,
        0,
        0
      ]
    },
    {
      "command": "bin/nqueens-mml",
      "mean": 0.14438798739999997,
      "stddev": 0.0034305298393376726,
      "median": 0.1431778795,
      "user": 0.14175525000000003,
      "system": 0.0012919999999999997,
      "min": 0.14018658,
      "max": 0.15449211200000001,
      "times": [
        0.146306993,
        0.14229032900000002,
        0.142864456,
        0.145535342,
        0.142627105,
        0.14084084400000002,
        0.15449211200000001,
        0.142980033,
        0.14304275,
        0.14872627600000002,
        0.144781547,
        0.141983148,
        0.14331300900000002,
        0.15048065400000002,
        0.14260635100000002,
        0.14352109200000002,
        0.143744397,
        0.14519991200000001,
        0.14223681800000001,
        0.14018658
      ],
      "memory_usage_byte": [
        2441216,
        2441216,
        2441216,
        2441216,
        2441216,
        2441216,
        2441216,
        2441216,
        2441216,
        2441216,
        2441216,
        2441216,
        2441216,
        2441216,
        2441216,
        2441216,
        2441216,
        2441216,
        2441216,
        2441216
      ],
      "exit_codes": [
        0,
        0,
        0,
        0,
        0,
        0,
        0,
        0,
        0,
        0,
        0,
        0,
        0,
        0,
        0,
        0,
        0,
        0,
        0,
        0
      ]
    }
  ]
}
