command,mean,stddev,median,user,system,min,max
bin/nqueens-c,0.09173695325,0.004231683470602549,0.090810521,0.08831305,0.0013399999999999998,0.08663795,0.10107705900000001
bin/nqueens-go,0.14591053495,0.004910088752527076,0.14411300700000002,0.14243885,0.0026650999999999997,0.139557228,0.15683423900000001
bin/nqueens-mml,0.14438798739999997,0.0034305298393376726,0.1431778795,0.14175525000000003,0.0012919999999999997,0.14018658,0.15449211200000001
