{
  "results": [
    {
      "command": "benchmark/bin/quicksort-c",
      "mean": 0.07147282601999999,
      "stddev": 0.00426483669046845,
      "median": 0.07041523250000001,
      "user": 0.06625672,
      "system": 0.0037404200000000004,
      "min": 0.065425984,
      "max": 0.094079595,
      "times": [
        0.07078144700000001,
        0.068897632,
        0.069968919,
        0.07203451300000001,
        0.080862317,
        0.07226916500000001,
        0.069103307,
        0.067265115,
        0.06742155600000001,
        0.067037739,
        0.07728889800000001,
        0.08106155200000001,
        0.074783193,
        0.070972159,
        0.068546883,
        0.068779432,
        0.06936049200000001,
        0.069609268,
        0.07737930200000001,
        0.071980454,
        0.07297498000000001,
        0.068538125,
        0.06727379800000001,
        0.065425984,
        0.069766716,
        0.07004101900000001,
        0.077012103,
        0.071907383,
        0.068622602,
        0.06801961000000001,
        0.06674524600000001,
        0.069680745,
        0.079894692,
        0.072976013,
        0.068181325,
        0.067949331,
        0.068500263,
        0.07067463900000001,
        0.06936706200000001,
        0.069435808,
        0.071911337,
        0.070331365,
        0.07032735400000001,
        0.067557003,
        0.07153778200000001,
        0.07604150100000001,
        0.079046182,
        0.07769922900000001,
        0.072202506,
        0.06951810800000001,
        0.070980452,
        0.068333355,
        0.06959447,
        0.077014471,
        0.07982661,
        0.07819232400000001,
        0.06971769700000001,
        0.069013828,
        0.072521838,
        0.066691608,
        0.076957175,
        0.07252270200000001,
        0.07075361000000001,
        0.072185858,
        0.06935047600000001,
        0.06692444,
        0.06746371500000001,
        0.094079595,
        0.073256606,
        0.069810866,
        0.068014801,
        0.07062628800000001,
        0.069580877,
        0.07024983900000001,
        0.074000681,
        0.067852245,
        0.06964297800000001,
        0.07077092900000001,
        0.076092557,
        0.073140007,
        0.069684121,
        0.076003796,
        0.073120426,
        0.07070667,
        0.067820799,
        0.067375154,
        0.067707064,
        0.065931824,
        0.07630194300000001,
        0.07049910000000001,
        0.07160835,
        0.07363180100000001,
        0.069007161,
        0.06663334500000001,
        0.071755757,
        0.068063238,
        0.07205666100000001,
        0.072461062,
        0.076411091,
        0.070777187
      ],
      "memory_usage_byte": [
        8720384,
        8720384,
        8720384,
        8720384,
        8720384,
        8720384,
        8720384,
        8720384,
        8720384,
        8720384,
        8720384,
        8720384,
        8720384,
        8720384,
        8720384,
        8720384,
        8720384,
        8720384,
        8720384,
        8720384,
        8720384,
        8720384,
        8720384,
        8720384,
        8720384,
        8720384,
        8720384,
        8720384,
        8720384,
        8720384,
        8720384,
        8720384,
        8720384,
        8720384,
        8720384,
        8720384,
        8720384,
        8720384,
        8720384,
        8720384,
        8720384,
        8720384,
        8720384,
        8720384,
        8720384,
        8720384,
        8720384,
        8720384,
        8720384,
        8720384,
        8720384,
        8720384,
        8720384,
        8720384,
        8720384,
        8720384,
        8720384,
        8720384,
        8720384,
        8720384,
        8720384,
        8720384,
        8720384,
        8720384,
        8720384,
        8720384,
        8720384,
        8720384,
        8720384,
        8720384,
        8720384,
        8720384,
        8720384,
        8720384,
        8720384,
        8720384,
        8720384,
        8720384,
        8720384,
        8720384,
        8720384,
        8720384,
        8720384,
        8720384,
        8720384,
        8720384,
        8720384,
        8720384,
        8720384,
        8720384,
        8720384,
        8720384,
        8720384,
        8720384,
        8720384,
        8720384,
        8720384,
        8720384,
        8720384,
        8720384
      ],
      "exit_codes": [
        0,
        0,
        0,
        0,
        0,
        0,
        0,
        0,
        0,
        0,
        0,
        0,
        0,
        0,
        0,
        0,
        0,
        0,
        0,
        0,
        0,
        0,
        0,
        0,
        0,
        0,
        0,
        0,
        0,
        0,
        0,
        0,
        0,
        0,
        0,
        0,
        0,
        0,
        0,
        0,
        0,
        0,
        0,
        0,
        0,
        0,
        0,
        0,
        0,
        0,
        0,
        0,
        0,
        0,
        0,
        0,
        0,
        0,
        0,
        0,
        0,
        0,
        0,
        0,
        0,
        0,
        0,
        0,
        0,
        0,
        0,
        0,
        0,
        0,
        0,
        0,
        0,
        0,
        0,
        0,
        0,
        0,
        0,
        0,
        0,
        0,
        0,
        0,
        0,
        0,
        0,
        0,
        0,
        0,
        0,
        0,
        0,
        0,
        0,
        0
      ]
    },
    {
      "command": "benchmark/bin/quicksort-mml",
      "mean": 0.08141624361000004,
      "stddev": 0.004476430623469176,
      "median": 0.08040770250000001,
      "user": 0.07574001,
      "system": 0.00402391,
      "min": 0.075276857,
      "max": 0.09438014800000001,