{
  "results": [
    {
      "command": "bin/quicksort-c",
      "mean": 0.08012739034,
      "stddev": 0.0024832579101190856,
      "median": 0.08005218250000001,
      "user": 0.07419582000000002,
      "system": 0.0043043,
      "min": 0.073274532,
      "max": 0.085265197,
      "times": [
        0.077318091,
        0.073274532,
        0.076520633,
        0.081629965,
        0.08145698200000001,
        0.082896328,
        0.078219144,
        0.084228722,
        0.08151026900000001,
        0.08030163500000001,
        0.085265197,
        0.082535153,
        0.08144586000000001,
        0.080457335,
        0.07769798,
        0.079212084,
        0.07742596900000001,
        0.08055533200000001,
        0.079749917,
        0.08106509,
        0.083302099,
        0.07723529400000001,
        0.080107457,
        0.081500689,
        0.077945101,
        0.07815221900000001,
        0.079142311,
        0.081929426,
        0.081883227,
        0.079554679,
        0.08087872700000001,
        0.07775277,
        0.081561933,
        0.07880334700000001,
        0.074175526,
        0.084738532,
        0.079996908,
        0.080908777,
        0.079897258,
        0.078987664,
        0.08287950000000001,
        0.079124098,
        0.079697584,
        0.07867917,
        0.08042894,
        0.08476106400000001,
        0.078702486,
        0.08294926600000001,
        0.079457701,
        0.078469546
      ],
      "memory_usage_byte": [
        8691712,
        8691712,
        8691712,
        8691712,
        8691712,
        8691712,
        8691712,
        8691712,
        8691712,
        8691712,
        8691712,
        8691712,
        8691712,
        8691712,
        8691712,
        8691712,
        8691712,
        8716288,
        8716288,
        8716288,
        8716288,
        8716288,
        8716288,
        8716288,
        8716288,
        8716288,
        8716288,
        8716288,
        8716288,
        8716288,
        8716288,
        8716288,
        8716288,
        8716288,
        8716288,
        8716288,
        8716288,
        8716288,
        8716288,
        8716288,
        8716288,
        8716288,
        8716288,
        8716288,
        8716288,
        8716288,
        8716288,
        8716288,
        8716288,
        8716288
      ],
      "exit_codes": [
        0,
        0,
        0,
        0,
        0,
        0,
        0,
        0,
        0,
        0,
        0,
        0,
        0,
        0,
        0,
        0,
        0,
        0,
        0,
        0,
        0,
        0,
        0,
        0,
        0,
        0,
        0,
        0,
        0,
        0,
        0,
        0,
        0,
        0,
        0,
        0,
        0,
        0,
        0,
        0,
        0,
        0,
        0,
        0,
        0,
        0,
        0,
        0,
        0,
        0
      ]
    },
    {
      "command": "bin/quicksort-mml",
      "mean": 0.08621746842,
      "stddev": 0.00474765442902243,
      "median": 0.08545066700000001,
      "user": 0.08075036,
      "system": 0.00389154,
      "min": 0.079102875,
      "max": 0.09697177600000001,
      "times": [
        0.08400441700000001,
        0.08019612200000001,
        0.084025259,
        0.08192366200000001,
        0.09074069600000001,
        0.08815488,
        0.09092027100000001,
        0.09158508,
        0.09400620200000001,
        0.09697177600000001,
        0.093443354,
        0.09422052600000001,
        0.093099949,
        0.086854384,
        0.0837518,
        0.07993921500000001,
        0.08300869400000001,
        0.09041122700000001,
        0.079962287,
        0.08238471600000001,
        0.08077474600000001,
        0.081917245,
        0.086710088,
        0.08553400200000001,
        0.081930636,
        0.085367332,
        0.083656483,
        0.079102875,
        0.08127706,
        0.088303559,
        0.082743389,
        0.082984524,
        0.08628150500000001,
        0.08327962100000001,
        0.09185148800000001,
        0.08894115100000001,
        0.087062518,
        0.08452535300000001,
        0.08783231400000001,
        0.09047574300000001,
        0.096787284,
        0.088043436,
        0.088493972,
        0.08955834500000001,
        0.088866359,
        0.08096199700000001,
        0.082884805,
        0.08420393500000001,
        0.081282827,
        0.079634312
      ],
      "memory_usage_byte": [
        8716288,
        8716288,
        8716288,
        8716288,
        8716288,
        8716288,
        8716288,
        8716288,
        8716288,
        8716288,
        8716288,
        8716288,
        8720384,
        8720384,
        8720384,
        8720384,
        8720384,
        8720384,
        8720384,
        8720384,
        8720384,
        8720384,
        8720384,
        8720384,
        8720384,
        8720384,
        8720384,
        8720384,
        8720384,
        8720384,
        8720384,
        8720384,
        8720384,
        8720384,
        8720384,
        8720384,
        8720384,
        8720384,
        8720384,
        8720384,
        8720384,
        8720384,
        8720384,
        8720384,
        8720384,
        8720384,
        8720384,
        8720384,
        8720384,
        8720384
      ],
      "exit_codes": [
        0,
        0,
        0,
        0,
        0,
        0,
        0,
        0,
        0,
        0,
        0,
        0,
        0,
        0,
        0,
        0,
        0,
        0,
        0,
        0,
        0,
        0,
        0,
        0,
        0,
        0,
        0,
        0,
        0,
        0,
        0,
        0,
        0,
        0,
        0,
        0,
        0,
        0,
        0,
        0,
        0,
        0,
        0,
        0,
        0,
        0,
        0,
        0,
        0,
        0
      ]
    }
  ]
}
