command,mean,stddev,median,user,system,min,max
benchmark/bin/quicksort-c,0.07147282601999999,0.00426483669046845,0.07041523250000001,0.06625672,0.0037404200000000004,0.065425984,0.094079595
benchmark/bin/quicksort-mml,0.08141624361000004,0.004476430623469176,0.08040770250000001,0.07574001,0.00402391,0.075276857,0.09438014800000001
