command,mean,stddev,median,user,system,min,max
bin/quicksort-c,0.08012739034,0.0024832579101190856,0.08005218250000001,0.07419582000000002,0.0043043,0.073274532,0.085265197
bin/quicksort-mml,0.08621746842,0.00474765442902243,0.08545066700000001,0.08075036,0.00389154,0.079102875,0.09697177600000001
