command,mean,stddev,median,user,system,min,max
bin/sieve-mml-O0-tco,0.007145654200000003,0.00044298619820850454,0.0070569345000000006,0.0036804000000000003,0.00235504,0.006601350000000001,0.008968751
bin/sieve-mml-O0-no-tco,0.028583274500000005,0.002988335904822747,0.027887314500000003,0.021264320000000007,0.005488499999999999,0.025160436,0.03764448
bin/sieve-mml-O1-tco,0.007850691939999998,0.0009298436284428097,0.007693790000000001,0.00391854,0.0026907,0.006801988,0.010243584
bin/sieve-mml-O1-no-tco,0.0083552252,0.0015272365557111745,0.007835043,0.004150719999999999,0.0028581399999999995,0.006701568000000001,0.013855874
bin/sieve-mml-O2-tco,0.00846521542,0.0009814721749411743,0.008439904500000001,0.004155260000000001,0.002970800000000001,0.006724006,0.011299361
bin/sieve-mml-O2-no-tco,0.00769504054,0.0008742911986980692,0.007505406000000001,0.003835359999999998,0.0025830000000000002,0.006574295000000001,0.009887575000000001
bin/sieve-mml-O3-tco,0.00787588266,0.0007360552051569482,0.007662134500000001,0.003849219999999999,0.0027470800000000007,0.006803525,0.010050611000000001
bin/sieve-mml-O3-no-tco,0.008067937719999996,0.0010179155798615616,0.007943374,0.003975359999999999,0.0028426199999999997,0.0067924840000000005,0.010945589
