command,mean,stddev,median,user,system,min,max
bin/matmul-mml-O0-tco,0.11012205082,0.004514489420651495,0.10965543700000001,0.10461729999999995,0.00383212,0.10304471500000001,0.122123937
bin/matmul-mml-O0-no-tco,0.9659379698800001,0.03568614239803929,0.956507725,0.9523513200000003,0.007086359999999999,0.9348614770000001,1.130776188
bin/matmul-mml-O1-tco,0.10651077482000001,0.0048317835268709645,0.10612478550000001,0.10107834,0.00389294,0.099428361,0.12334518200000001
bin/matmul-mml-O1-no-tco,0.11105948779999997,0.0051333458691488545,0.11047134700000001,0.10513649999999997,0.00400014,0.102673896,0.130551239
bin/matmul-mml-O2-tco,0.25729186244,0.008870956895871819,0.259198095,0.25096592000000006,0.004226899999999999,0.24238246700000002,0.27437575000000003
bin/matmul-mml-O2-no-tco,0.2554098329,0.007811663568126358,0.2595231495,0.24937306,0.00400692,0.24119394000000002,0.273855412
bin/matmul-mml-O3-tco,0.33531793381999997,0.12664513319725604,0.26652128550000004,0.31407678000000006,0.00848742,0.24183320200000002,0.867354735
bin/matmul-mml-O3-no-tco,0.26371025238,0.004512595460715244,0.26231541550000004,0.25692299999999996,0.004346600000000001,0.25934771,0.282824156
