command,mean,stddev,median,user,system,min,max
bin/matmul-opt-mml-O0-tco,0.09479397707999998,0.005535320898790044,0.0936039075,0.08892875999999995,0.0037928599999999995,0.08644897600000001,0.115429085
bin/matmul-opt-mml-O0-no-tco,0.9188365588999998,0.019301174621386682,0.911286447,0.9070008199999998,0.006775219999999999,0.892186353,0.969783708
bin/matmul-opt-mml-O1-tco,0.06773475275999999,0.0033928440420881306,0.06746898300000001,0.06221108,0.0039031999999999995,0.062527333,0.07977031000000001
bin/matmul-opt-mml-O1-no-tco,0.08343788434000005,0.0034336324439491112,0.08294764900000001,0.07788564,0.0037171599999999997,0.07906103,0.10300175700000001
bin/matmul-opt-mml-O2-tco,0.0479828023,0.0021689235848043097,0.047653475,0.042515040000000004,0.0039517599999999995,0.045559529,0.060598667
bin/matmul-opt-mml-O2-no-tco,0.0487575731,0.0028076209619724217,0.048278073500000004,0.04297334000000001,0.00413722,0.044464175,0.060243047
bin/matmul-opt-mml-O3-tco,0.046863215720000004,0.0012287676162562404,0.046768080000000004,0.0415526,0.0038546400000000003,0.044712715,0.049213774
bin/matmul-opt-mml-O3-no-tco,0.04780076158,0.0026027977057465675,0.0472629455,0.042325939999999986,0.00398258,0.043956468000000005,0.059882963000000004
