command,mean,stddev,median,user,system,min,max
bin/sieve-c,0.007386934260000001,0.0011232821076181414,0.006932217000000001,0.0036029599999999997,0.0026274799999999993,0.006312066000000001,0.010563583000000001
bin/sieve-mml,0.00827746688,0.000853939690439521,0.0082436485,0.00409272,0.002898939999999999,0.0066770630000000004,0.010331761
bin/sieve-rs,0.008746837359999999,0.0010867341143941283,0.008657099500000001,0.004430099999999999,0.002947279999999999,0.006701446000000001,0.011843389000000001
bin/sieve-go,0.010697480320000001,0.0011037278807358682,0.010439726,0.006010479999999997,0.004305679999999999,0.008793959,0.013498929000000002
