command,mean,stddev,median,user,system,min,max
bin/sieve-c,0.00727500776,0.0007581319940101852,0.0070563480000000005,0.003505899999999999,0.00260776,0.006328351,0.009340364
bin/sieve-mml,0.00744802656,0.0006971981618594022,0.007267841000000001,0.0036878799999999993,0.00258208,0.00654331,0.009076433
bin/sieve-rs,0.007400957520000001,0.0006021580732584563,0.007286151,0.003731880000000001,0.00249248,0.0066191390000000004,0.008671884000000001
bin/sieve-go,0.00969335408,0.0008447185333001092,0.0096302555,0.00547282,0.0038864999999999993,0.008532201,0.013718434000000002
