{
  "results": [
    {
      "command": "bin/sieve-c",
      "mean": 0.00727500776,
      "stddev": 0.0007581319940101852,
      "median": 0.0070563480000000005,
      "user": 0.003505899999999999,
      "system": 0.00260776,
      "min": 0.006328351,
      "max": 0.009340364,
      "times": [
        0.006375092000000001,
        0.006597059000000001,
        0.006732461,
        0.006328351,
        0.007098,
        0.006965451,
        0.006845421000000001,
        0.0077300220000000005,
        0.009340364,
        0.00848782,
        0.0078597,
        0.00699049,
        0.007696657000000001,
        0.006748085,
        0.007634453,
        0.007421715000000001,
        0.008877839,
        0.008843527,
        0.007662500000000001,
        0.007511736000000001,
        0.00802859,
        0.00693866,
        0.007844157000000001,
        0.006372340000000001,
        0.006678791000000001,
        0.008530032,
        0.006744323000000001,
        0.008343645,
        0.008281183000000001,
        0.007747149,
        0.007992578,
        0.007340662,
        0.007283512000000001,
        0.006567377,
        0.006455238,
        0.007357683,
        0.0076989250000000006,
        0.006444512,
        0.00731619,
        0.006891258000000001,
        0.006514812,
        0.006767587,
        0.006657168000000001,
        0.006608875,
        0.006415561,
        0.007014696000000001,
        0.007483908,
        0.006669773,
        0.0064853390000000006,
        0.006529121000000001
      ],
      "memory_usage_byte": [
        4689920,
        4689920,
        4689920,
        4689920,
        4689920,
        4689920,
        4689920,
        4689920,
        4689920,
        4689920,
        4689920,
        4689920,
        4689920,
        4689920,
        4689920,
        4689920,
        4689920,
        4689920,
        4689920,
        4689920,
        4689920,
        4689920,
        4689920,
        4689920,
        4689920,
        4689920,
        4689920,
        4689920,
        4689920,
        4689920,
        4689920,
        4689920,
        4689920,
        4706304,
        4706304,
        4706304,
        4706304,
        4706304,
        4706304,
        4706304,
        4706304,
        4706304,
        4706304,
        4706304,
        4706304,
        4706304,
        4706304,
        4706304,
        4706304,
        4706304
      ],
      "exit_codes": [
        0,
        0,
        0,
        0,
        0,
        0,
        0,
        0,
        0,
        0,
        0,
        0,
        0,
        0,
        0,
        0,
        0,
        0,
        0,
        0,
        0,
        0,
        0,
        0,
        0,
        0,
        0,
        0,
        0,
        0,
        0,
        0,
        0,
        0,
        0,
        0,
        0,
        0,
        0,
        0,
        0,
        0,
        0,
        0,
        0,
        0,
        0,
        0,
        0,
        0
      ]
    },
    {
      "command": "bin/sieve-mml",
      "mean": 0.00744802656,
      "stddev": 0.0006971981618594022,
      "median": 0.007267841000000001,
      "user": 0.0036878799999999993,
      "system": 0.00258208,
      "min": 0.00654331,
      "max": 0.009076433,
      "times": [
        0.007129402000000001,
        0.006842019,
        0.0066867160000000005,
        0.007187621000000001,
        0.007418320000000001,
        0.007115697000000001,
        0.008509873000000001,
        0.007394953,
        0.008269704000000001,
        0.006662266,
        0.007408265000000001,
        0.008786720000000001,
        0.007705573,
        0.009076433,
        0.008300258000000001,
        0.008024298000000001,
        0.008886043,
        0.00824685,
        0.008819937,
        0.007638113,
        0.007209013,
        0.007262199,
        0.0067338120000000005,
        0.006981052000000001,
        0.006864762000000001,
        0.00670543,
        0.007188272000000001,
        0.008370285,
        0.006766602,
        0.008127869000000001,
        0.008355978,
        0.007030958,
        0.006770731,
        0.006859268000000001,
        0.00730111,
        0.00703841,
        0.007545605,
        0.007922249000000001,
        0.006679717000000001,
        0.006699708,
        0.007273483000000001,
        0.006785369,
        0.007214141,
        0.007636489000000001,
        0.007304309,
        0.0068060080000000005,
        0.008255915,
        0.00654331,
        0.006693615000000001,
        0.007366598
      ],
      "memory_usage_byte": [
        4714496,
        4714496,
        4714496,
        4714496,
        4714496,
        4714496,
        4714496,
        4714496,
        4714496,
        4714496,
        4714496,
        4714496,
        4714496,
        4714496,
        4714496,
        4714496,
        4714496,
        4714496,
        4714496,
        4714496,
        4714496,
        4714496,
        4714496,
        4714496,
        4714496,
        4714496,
        4714496,
        4714496,
        4714496,
        4714496,
        4714496,
        4714496,
        4714496,
        4714496,
        4714496,
        4714496,
        4714496,
        4714496,
        4714496,
        4714496,
        4714496,
        4714496,
        4714496,
        4714496,
        4714496,
        4714496,
        4714496,
        4714496,
        4714496,
        4714496
      ],
      "exit_codes": [
        0,
        0,
        0,
        0,
        0,
        0,
        0,
        0,
        0,
        0,
        0,
        0,
        0,
        0,
        0,
        0,
        0,
        0,
        0,
        0,
        0,
        0,
        0,
        0,
        0,
        0,
        0,
        0,
        0,
        0,
        0,
        0,
        0,
        0,
        0,
        0,
        0,
        0,
        0,
        0,
        0,
        0,
        0,
        0,
        0,
        0,
        0,
        0,
        0,
        0
      ]
    },
    {
      "command": "bin/sieve-rs",
      "mean": 0.007400957520000001,
      "stddev": 0.0006021580732584563,
      "median": 0.007286151,
      "user": 0.003731880000000001,
      "system": 0.00249248,
      "min": 0.0066191390000000004,
      "max": 0.008671884000000001,
      "times": [
        0.0068079690000000005,
        0.006978575000000001,
        0.00740424,
        0.006752699,
        0.006652723,
        0.007249448,
        0.007588589000000001,
        0.007372427000000001,
        0.008589957,
        0.007379089,
        0.008671884000000001,
        0.007203809,
        0.007923883000000001,
        0.008375161,
        0.007954129,
        0.008408028,
        0.007063713,
        0.006817463,
        0.007638946000000001,
        0.007040237,
        0.006848362,
        0.007696354000000001,
        0.006857747000000001,
        0.007287863,
        0.0069426620000000005,
        0.0066191390000000004,
        0.007319926,
        0.006849564000000001,
        0.006729557000000001,
        0.007903544,
        0.00788343,
        0.006796977,
        0.008277563,
        0.007945665000000001,
        0.006995315,
        0.0070551400000000005,
        0.006906279,
        0.007654854000000001,
        0.006909906,
        0.007639132000000001,
        0.00847147,
        0.006803117,
        0.006715571,
        0.006682775,
        0.0068703850000000006,
        0.007284439,
        0.007820464000000001,
        0.007724227,
        0.008237512,
        0.008445968
      ],