{
  "results": [
    {
      "command": "bin/sieve-c",
      "mean": 0.007386934260000001,
      "stddev": 0.0011232821076181414,
      "median": 0.006932217000000001,
      "user": 0.0036029599999999997,
      "system": 0.0026274799999999993,
      "min": 0.006312066000000001,
      "max": 0.010563583000000001,
      "times": [
        0.007500585000000001,
        0.007095568,
        0.006358243,
        0.006434831,
        0.006397618000000001,
        0.0069629850000000005,
        0.006688496,
        0.0069494050000000005,
        0.0073271280000000005,
        0.0073789120000000005,
        0.01031596,
        0.008294369000000001,
        0.010395650000000001,
        0.008675843,
        0.007280426,
        0.006511976,
        0.00679785,
        0.006358517,
        0.006618003000000001,
        0.007331850000000001,
        0.006602554,
        0.006473559,
        0.006312066000000001,
        0.00687234,
        0.006492545000000001,
        0.006575355000000001,
        0.007021402,
        0.008370284,
        0.0069150290000000005,
        0.0066603,
        0.00680382,
        0.006354261000000001,
        0.006569079,
        0.007471258000000001,
        0.0066764400000000005,
        0.006662312,
        0.006782901,
        0.006389604,
        0.00645801,
        0.006832057000000001,
        0.00970782,
        0.008489692,
        0.010563583000000001,
        0.007791424000000001,
        0.007988076,
        0.008837581,
        0.008739821,
        0.008711224,
        0.007747694,
        0.0078004070000000005
      ],
      "memory_usage_byte": [
        4689920,
        4689920,
        4689920,
        4689920,
        4689920,
        4689920,
        4689920,
        4689920,
        4689920,
        4689920,
        4689920,
        4689920,
        4689920,
        4689920,
        4689920,
        4689920,
        4689920,
        4689920,
        4689920,
        4689920,
        4689920,
        4689920,
        4689920,
        4689920,
        4689920,
        4689920,
        4689920,
        4689920,
        4689920,
        4689920,
        4689920,
        4689920,
        4689920,
        4689920,
        4689920,
        4689920,
        4689920,
        4689920,
        4689920,
        4689920,
        4689920,
        4689920,
        4689920,
        4689920,
        4689920,
        4702208,
        4702208,
        4702208,
        4702208,
        4702208
      ],
      "exit_codes": [
        0,
        0,
        0,
        0,
        0,
        0,
        0,
        0,
        0,
        0,
        0,
        0,
        0,
        0,
        0,
        0,
        0,
        0,
        0,
        0,
        0,
        0,
        0,
        0,
        0,
        0,
        0,
        0,
        0,
        0,
        0,
        0,
        0,
        0,
        0,
        0,
        0,
        0,
        0,
        0,
        0,
        0,
        0,
        0,
        0,
        0,
        0,
        0,
        0,
        0
      ]
    },
    {
      "command": "bin/sieve-mml",
      "mean": 0.00827746688,
      "stddev": 0.000853939690439521,
      "median": 0.0082436485,
      "user": 0.00409272,
      "system": 0.002898939999999999,
      "min": 0.0066770630000000004,
      "max": 0.010331761,
      "times": [
        0.007282467000000001,
        0.0066770630000000004,
        0.007273068000000001,
        0.007969309,
        0.0074467100000000005,
        0.008770242000000001,
        0.009302387,
        0.00810378,
        0.009265062000000001,
        0.008639871,
        0.010331761,
        0.008922899,
        0.009851466000000001,
        0.008244213,
        0.008669716000000001,
        0.008466726,
        0.00791446,
        0.009205159000000001,
        0.008168665,
        0.009151283000000001,
        0.008247154000000001,
        0.007712485000000001,
        0.007699776,
        0.006690766000000001,
        0.00690227,
        0.007379679,
        0.0069181780000000005,
        0.008396172,
        0.008801753,
        0.006752402,
        0.007892272,
        0.009088119,
        0.008102019,
        0.00788918,
        0.007864479,
        0.009584963,
        0.008243084000000001,
        0.0074922520000000005,
        0.008556178000000001,
        0.009138806000000001,
        0.00791274,
        0.008864780000000001,
        0.008418827,
        0.007990485,
        0.009750238000000001,
        0.008927741000000001,
        0.008030141000000001,
        0.0076484100000000005,
        0.009063721,
        0.008257967
      ],
      "memory_usage_byte": [
        4702208,
        4702208,
        4702208,
        4702208,
        4702208,
        4702208,
        4702208,
        4702208,
        4702208,
        4702208,
        4702208,
        4702208,
        4702208,
        4710400,
        4710400,
        4710400,
        4710400,
        4714496,
        4714496,
        4714496,
        4714496,
        4714496,
        4714496,
        4714496,
        4714496,
        4714496,
        4714496,
        4714496,
        4714496,
        4714496,
        4714496,
        4714496,
        4714496,
        4714496,
        4714496,
        4714496,
        4714496,
        4714496,
        4714496,
        4714496,
        4714496,
        4714496,
        4714496,
        4714496,
        4714496,
        4714496,
        4714496,
        4714496,
        4714496,
        4714496
      ],
      "exit_codes": [
        0,
        0,
        0,
        0,
        0,
        0,
        0,
        0,
        0,
        0,
        0,
        0,
        0,
        0,
        0,
        0,
        0,
        0,
        0,
        0,
        0,
        0,
        0,
        0,
        0,
        0,
        0,
        0,
        0,
        0,
        0,
        0,
        0,
        0,
        0,
        0,
        0,
        0,
        0,
        0,
        0,
        0,
        0,
        0,
        0,
        0,
        0,
        0,
        0,
        0
      ]
    },
    {
      "command": "bin/sieve-rs",
      "mean": 0.008746837359999999,
      "stddev": 0.0010867341143941283,
      "median": 0.008657099500000001,
      "user": 0.004430099999999999,
      "system": 0.002947279999999999,
      "min": 0.006701446000000001,
      "max": 0.011843389000000001,
      "times": [
        0.007266659000000001,
        0.007784644,
        0.008006796,
        0.0068444790000000005,
        0.0074450950000000005,
        0.008015975,
        0.009017684,
        0.010022610000000001,
        0.009269639000000001,
        0.008901531,
        0.00831759,
        0.009986575000000001,
        0.009712120000000001,
        0.011843389000000001,
        0.008383068,
        0.008531494,
        0.008639194000000001,
        0.008197463,
        0.010855437,
        0.008675005000000001,
        0.008940587,
        0.008402258000000001,
        0.008994806000000001,
        0.008170158,
        0.008555295000000001,
        0.007019595000000001,
        0.006701446000000001,
        0.009569659000000001,
        0.009205031,
        0.009587073,
        0.010664268000000001,
        0.009215492,
        0.008296992000000001,
        0.009657911,
        0.009498796,
        0.010550202,
        0.009400120000000001,
        0.008733537000000001,
        0.009196722000000001,
        0.010319451,
        0.008769853000000001,
        0.008048682,
        0.008468801,
        0.008187851000000001,
        0.007786769000000001,
        0.009105916,
        0.007761074000000001,
        0.006982996000000001,
        0.007374246,
        0.008459834000000001
      ],