command,mean,stddev,median,user,system,min,max
bin/sieve-c,0.006244340105999998,0.0011942910819943574,0.0060437185,0.0032336519999999996,0.002016818,0.004641789,0.01997629
bin/sieve-mml,0.005630125338000001,0.000609364312938411,0.0057460515,0.0031499180000000037,0.0015763539999999992,0.004376945,0.008372468000000001
bin/sieve-rs,0.00724074252200001,0.0009557447302611032,0.007012671,0.003990524,0.002118483999999999,0.006126381,0.017310515000000002
bin/sieve-go,0.011665363827999995,0.00299924238680582,0.010943591,0.006580801999999997,0.004457821999999999,0.007880061,0.039177458000000005
